domain_url,emails,phones,socials,category,tagline,logo_url,state,emails_found,phones_found,socials_found,category_found,tagline_found,logo_url_found,state_found,whois_shielded
https://dmaasa.in,"['care@dmaasa.in', 'care@dmasa.in']",['+919667766779'],"{'facebook': 'https://www.facebook.com/dmaasaIn', 'twitter': 'https://twitter.com/DmaasaIn?ref_src=twsrc%5Egoogle%7Ctwcamp%5Eserp%7Ctwgr%5Eauthor', 'instagram': 'https://www.instagram.com/dmaasain/', 'youtube': 'https://www.youtube.com/@DmaasaIn', 'linkedin': 'https://www.linkedin.com/company/dmaasa'}",home,"Dmaasa- Hand-block printed cotton home decor. Organic, naturally dyed, premium quality. Unique handcrafted artistry for your living space.",https://dmaasa.in/cdn/shop/files/LOGO.jpg?v=1771925103,,True,True,True,True,True,True,False,False
https://thebombaystore.com,"['feedback@bombaystore.com', 'orders@bombaystore.com']","['+919987678775', '+917400159774', '+917400108510', '+919987096613', '+917738033295', '+918657432320', '+917400108561', '+917400338673', '+917738669765', '+917400438208', '+917738033285', '+917738033284', '+917738669794', '+919987744083', '+917400438204', '+918655918229', '+917738669790', '+919947956168', '+919987744086']","{'instagram': 'https://www.instagram.com/thebombaystore/', 'facebook': 'https://facebook.com/thebombaystore', 'linkedin': 'https://www.linkedin.com/company/the-bombay-store/', 'twitter': 'https://twitter.com/thebombaystore'}",beauty,Shop unique Indian handicrafts online at The Bombay Store. Explore a wide range of handcrafted treasures from Mumbai’s iconic store. Buy Indian handicrafts online today!,https://thebombaystore.com/cdn/shop/files/Bombay_Store_Logo_-_Vertical_90d31671-f7c7-483b-8f35-10607a58a6c7.jpg?v=1616760961,maharashtra,True,True,True,True,True,True,True,True
https://naturelandorganics.com,['feedback@naturelandorganics.com'],"['+919460430830', '+919672520005']","{'facebook': 'https://www.facebook.com/NaturelandOrganics/', 'instagram': 'https://www.instagram.com/naturelandorganics_official/', 'x': 'https://x.com/Nature_land1'}",health,"Shop 100% certified organic food online in India. Explore top-quality grains, pulses, spices & more. Fresh, healthy & delivered to your doorstep.",,delhi,True,True,True,True,True,False,True,True
https://exclusivelane.com,['care@ExclusiveLane.com'],['+919599198374'],"{'youtube': 'https://www.youtube.com/watch?v=pOila1xq93Y', 'instagram': 'https://www.instagram.com/exclusivelane/', 'facebook': 'https://www.facebook.com/exclusivelane', 'twitter': 'https://twitter.com/exclusivelane'}",beauty,"Buy Indian handicrafts online. Traditional & authentic handicraft items - wooden, terracotta and ceramic. ⭐ COD Available ⭐ Free Shipping ⭐ Traditional Crafts of India",https://cdn.shopify.com/s/files/1/0030/9759/1872/files/EL_logo_social_media_80_x_80_px_1_ba1e49e2-ed30-4e86-ae3b-94d7b404c8ac_150x@2x.png?v=1655183699,,True,True,True,True,True,True,False,True
https://sorichorganics.com,['care@sorichorganics.com'],['+917303330675'],,health,"Sorich Organics - India's top healthy snack brand, offering for guilt-free, tasty, and healthy snacking options like Bars, Flavored Mixes, and Peanut Butters—100% natural, with no preservatives or chemicals.",https://sorichorganics.com/cdn/shop/files/sorich_logo_Charcoal_27d406ed-dd0a-4d9b-b0b7-4917ef97f58a.png?v=1681988604&width=110,punjab,True,True,False,True,True,True,True,True
https://mamaearth.in,,,"{'facebook': 'https://www.facebook.com/Mamaearthindia/', 'twitter': 'https://twitter.com/mamaearthindia?lang=en', 'instagram': 'https://www.instagram.com/mamaearth.in/?hl=en', 'youtube': 'https://www.youtube.com/channel/UC5qhqSIcahBKKMEdLPFqeVA', 'linkedin': 'https://www.linkedin.com/company/mama-earth-in/'}",beauty,"Mamaearth natural Skin, Hair, Body, Baby and Makeup products in India. Shop for 599 or more and Get Flat 20% Off +5% Prepaid Off with Code: SAVE25",https://mamaearth.in/cdn/shop/files/Logo.png?v=1772919457&width=328,,False,False,True,True,True,True,False,True
https://sensoprox.com,['info@dysonindustries.com'],['+917700003942'],"{'facebook': 'https://www.facebook.com/SensoProx/', 'instagram': 'https://www.instagram.com/sensoprox/', 'linkedin': 'https://linkedin.com/company/shopify'}",health,"Explore SensoProx premium toothbrushes and oral care solutions. Designed for superior cleaning, comfort, and healthy smiles.",https://sensoprox.com/cdn/shop/files/Asset_1sensoprox.svg?v=1703596711&width=621,,True,True,True,True,True,True,False,True
https://lamhenow.com,['info@lamhenow.com'],,,health,"Lamhenow offers sustainable corporate gifting, eco-friendly stationery & merchandise . Make your brand greener, one product at a time.",https://lamhenow.com/cdn/shop/files/Lamenow_Logo.svg?v=1755693405&width=600,maharashtra,True,False,False,True,True,True,True,True
https://yourfootdoctor.in,['care@yourfootdoctor.in'],['+919987149567'],"{'facebook': 'https://www.facebook.com/YourFootdoctorIndia', 'instagram': 'https://www.instagram.com/yourfootdoctorindia/', 'youtube': 'https://www.youtube.com/channel/UCrQexG9quS4ZjjD49qLboWg'}",health,"Your Foot Doctor provides you with best orthopedic insoles & footwear. Footwear & insoles for flat feet and much more to help you deal with foot, ankle & knee pain. We are selling these footwear & Insoles for Flat Feet at an affordable price.",https://yourfootdoctor.in/cdn/shop/files/logo_350x.jpg?v=1677304208,maharashtra,True,True,True,True,True,True,True,True
https://blissdiamonds.in,,,"{'facebook': 'https://www.facebook.com/blissdiamonds', 'instagram': 'https://www.instagram.com/blissdiamonds/'}",jewelry,A fine gold and diamond jewellery store. We at Bliss Diamonds provide customised gold and diamond jewellery. We have our online store.,https://blissdiamonds.in/cdn/shop/files/Bliss_Logo__2025-01.png?v=1785935440&width=80,,False,False,True,True,True,True,False,True
https://anveshan.farm,"['support@anveshan.farm', 'business@anveshan.farm', 'customer@anveshan.farm']",['+919220900257'],"{'twitter': 'https://twitter.com/Anveshan_farms', 'facebook': 'https://www.facebook.com/Anveshan-325859228089056/', 'instagram': 'https://www.instagram.com/anveshan.farms/?hl=en'}",health,"At Anveshan, we make food products that are natural, healthy and chemical free. Anveshan provides the best quality food products through the use of technological solutions. We have cold-pressed/wood pressed oils, A2 vedic bilona ghee and super foods for healthy diet and immunity boosting.",https://www.anveshan.farm/cdn/shop/files/anveshan-logo-updates-register-mark.png?v=1728463199&width=600,,True,True,True,True,True,True,False,False
https://boat-lifestyle.com,,,"{'facebook': 'https://www.facebook.com/boat.lifestyle', 'twitter': 'https://twitter.com/RockWithboAt', 'instagram': 'https://www.instagram.com/boat.nirvana/', 'youtube': 'https://www.youtube.com/channel/UCY3JXaO_v8H3E6hTYUp5qWQ', 'linkedin': 'https://www.linkedin.com/company/boat-lifestyle/'}",home,"Check out the breathtaking collection of Earbuds, Headphones, Earphones & Wireless Speakers with contemporary designs and best features from India’s No.1 Earwear Audio Brand - boAt Lifestyle.",https://www.boat-lifestyle.com/cdn/shop/files/boAt_logo_black_24889e30-925c-4185-a028-9fef497a8e44.svg?v=1732879339,maharashtra,False,False,True,True,True,True,True,True
https://treasurehunt.in,['info@treasurehunt.in'],['+919971099877'],"{'facebook': 'https://www.facebook.com/p/Treasure-Hunt-100069948443519/', 'instagram': 'https://www.instagram.com/treasurehunt.in/', 'youtube': 'https://www.youtube.com/@TreasureHuntHomeandGifting'}",decor,"Elevate your living spaces with Treasure Hunt’s curated selection of modern decor, luxury bath sets, elegant dining accessories, and kids’ room essentials.",https://treasurehunt.in/cdn/shop/files/Group_2_29.png?v=1761676077&width=230,haryana,True,True,True,True,True,True,True,False
https://mustbenuts.in,['info@mustbenuts.in'],['+918097853174'],"{'instagram': 'https://www.instagram.com/mustbenuts.in/', 'linkedin': 'https://www.linkedin.com/company/must-be-nuts/'}",health,We exist somewhere between your situationship with samosas and your arranged marriage with whey protein.,https://www.mustbenuts.in/cdn/shop/files/hlogo.png?height=154&v=1761828570,,True,True,True,True,True,True,False,True
https://themancompany.com,['corporategifting@themancompany.com'],"['+919667031212', '+917428768210']","{'twitter': 'https://twitter.com/themancompany', 'facebook': 'https://www.facebook.com/Themancompany', 'instagram': 'https://www.instagram.com/themancompany/', 'youtube': 'https://www.youtube.com/@themancompany'}",health,"Complete Range of Premium Men's Grooming Products, enriched with Natural Essential Oils. Free of Harmful Chemicals | SLS & Paraben Free",https://www.themancompany.com/cdn/shop/files/logo_08a2688e-7c47-4081-a0e8-942d40f74a6d.png?v=1663137227&width=600,haryana,True,True,True,True,True,True,True,True
https://mcaffeine.com,['woot@mcaffeine.com'],,"{'facebook': 'https://www.facebook.com/mcaffeine/', 'instagram': 'https://www.instagram.com/mcaffeineofficial/', 'youtube': 'https://www.youtube.com/@mcaffeine3716'}",skincare,mCaffeine - India's first caffeinated brand for personal care. Give your hair and skin the best care with coffee-based vegan products. ✓ 5 million Happy Customers ✓ 4.7+ Rating ✓ SLS Free Products,https://www.mcaffeine.com/cdn/shop/files/mcaffeine_logo.png?v=1783685023&width=500,maharashtra,True,False,True,True,True,True,True,True
https://coalcleanbeauty.com,['reachus@coalcleanbeauty.com'],['+919311758787'],"{'facebook': 'https://www.facebook.com/coalcleanbeauty/', 'instagram': 'https://www.instagram.com/coalcleanbeauty/', 'linkedin': 'https://www.linkedin.com/company/coalcleanbeauty/', 'youtube': 'https://www.youtube.com/@coalcleanbeauty'}",beauty,,https://coalcleanbeauty.com/cdn/shop/t/32/assets/logo.png?v=7908,haryana,True,True,True,True,False,True,True,True
https://truebrowns.com,['info@truebrowns.com'],['+918384046951'],"{'facebook': 'https://www.facebook.com/TrueBrownsGlobal', 'instagram': 'https://www.instagram.com/truebrowns/?hl=en', 'youtube': 'https://www.youtube.com/@truebrowns122', 'linkedin': 'https://in.linkedin.com/company/truebrowns-lifestyle-pvt-ltd'}",clothing,"Top Clothing Brands in India for Womens - Buy Contemporary Dresses at trueBrowns. Free Shipping, COD, 7 Days Return, 24-hr Dispatch.",https://www.truebrowns.com/cdn/shop/files/Brand_w_o_Bkgrnd_Final_cdf948ea-a6cf-4fcb-8184-fe7ee81dc5e7.png?v=1675752714&width=2470,haryana,True,True,True,True,True,True,True,True
https://nurturinggreen.in,"['hr@nurturinggreen.in', 'feedback@nurturinggreen.in', 'annu@nurturinggreen.in']",['+918826993218'],"{'youtube': 'https://www.youtube.com/c/MyPlantMyBaby', 'facebook': 'https://www.facebook.com/groups/NGmyplantmybaby', 'twitter': 'https://twitter.com/Nurturing_Green', 'instagram': 'https://www.instagram.com/nurturinggreen/', 'linkedin': 'https://www.linkedin.com/company/nurturing-green'}",home,"Nurturing Green is an online plant nursery offering premium quality plants online in India. We offer plants for Home Decor, Office desk plants, and Gifting plants.",,haryana,True,True,True,True,True,False,True,True
https://lildivafashion.com,['customercare@lildivafashion.com'],['+918820008200'],"{'facebook': 'https://www.facebook.com/lildivafashion', 'instagram': 'https://www.instagram.com/lil.diva.india'}",,"Shop Online the 'Trendy kids' dresses! Birthday, party, wedding, Trendy theme & daily wear dresses for girls in Delhi Kirti Nagar, at Lil Diva Fashion!",https://lildivafashion.com/cdn/shop/files/logo.jpg?v=1701849536&width=1551,delhi,True,True,True,False,True,True,True,True
https://swanjewels.in,['swanbyss23@gmail.com'],['+918920737084'],"{'instagram': 'https://www.instagram.com/swanjewels.in/', 'youtube': 'https://www.youtube.com/@swanjewels.in1'}",jewelry,"Discover versatile occasion wear jewelry for weddings, festivals & celebrations. Shop handcrafted Indian designs at Swan Jewels – elegance for every event.",https://swanjewels.in/cdn/shop/files/WhatsApp_Image_2024-12-27_at_4.21.56_PM.jpg?v=1735298637&width=720,delhi,True,True,True,True,True,True,True,True
https://shumee.in,"['business@shumee.in', 'care@shumee.in']",['+919148581222'],"{'instagram': 'https://www.instagram.com/shumeetoys/', 'facebook': 'https://www.facebook.com/shumee.in/', 'youtube': 'https://www.youtube.com/channel/UClw92m6aetoIOm62fgUJTDA'}",electronics,"Buy educational & fun toys for kids online from India's most trusted toy store, Shumee. Designed by experts. Non-toxic, and 100% child-safe.",https://www.shumee.in/cdn/shop/files/logo_svg.svg?v=1705841368,karnataka,True,True,True,True,True,True,True,True
https://lakmeindia.com,"['lever.care@unilever.com', 'Grievance.Officer-Privacy@unilever.com', 'support@lakmeindia.com']",['1800-102-2221'],"{'instagram': 'https://www.instagram.com/lakmeindia/', 'facebook': 'https://www.facebook.com/lakme', 'youtube': 'https://www.youtube.com/user/ILoveLakme'}",skincare,"Shop Lakmé makeup & skincare online in India. Explore foundations, lipsticks, kajal, skincare & more. Official Lakmé store — free delivery on orders above ₹499.",https://www.lakmeindia.com/cdn/shop/files/Logo_25e91fba-34be-4ca3-9719-385bb7685d60_155x.png?v=1738136097,,True,True,True,True,True,True,False,True
https://giri.in,,,"{'facebook': 'https://www.facebook.com/GiriIndia1951', 'instagram': 'https://www.instagram.com/giriindia_/', 'youtube': 'https://www.youtube.com/channel/UClZyf8Hw97PNt62wKLuqVfQ'}",jewelry,"GIRI - Online Shopping for Religious &amp; Spiritual items. Giri Provides Books, Pooja Items | Puja Items, Idols, Temple Jewellery, Homam Items",https://giri.in/cdn/shop/files/giri-logo_220x68.png?v=1705137232,maharashtra,False,False,True,True,True,True,True,True
https://mevyl.com,,['+916361897915'],{'instagram': 'https://www.instagram.com/mevyl.com_/'},beauty,"A luxury lifestyle brand designed for intentional self-care, featuring premium body serum candles, solid perfumes, and unique fragrances. Indulge in long-lasting, sustainable self care",https://mevyl.com/cdn/shop/files/Untitled-2.png?v=1772040118&width=140,karnataka,False,True,True,True,True,True,True,True
https://weavekala.com,['weavekala@gmail.com'],['+919004776096'],"{'facebook': 'https://www.facebook.com/Weavekalaofficial-106709521893900/', 'instagram': 'https://www.instagram.com/weavekala/'}",home,Weavekala defines the journey of Weavers/Artisans by bringing forward the best handloom collection across India by connecting weavers work with the end customers.,https://weavekala.com/cdn/shop/files/logo-1x.png?v=1695714084&width=330,haryana,True,True,True,True,True,True,True,True
https://electrobotic.in,['ecommerce@electrobotic.in'],['+919104161995'],"{'instagram': 'https://www.instagram.com/notdronesofficial?igsh=MWxxcGRzOG5nZTRyZw%3D%3D&utm_source=qr', 'linkedin': 'https://www.linkedin.com/company/not-drones-innovations-pvt-ltd/', 'youtube': 'https://youtube.com/@not_drones?si=f-K63p4Hd3Tb_fcB'}",,"Electrobotic is a leading manufacturer of remote control (RC) drones and toys in India. We offer a wide range of RC Toys and drones for all ages and abilities, from beginner to expert. Our RC Toys and drones are made with high-quality materials and are built to last long. We also offer a variety of accessories.",https://electrobotic.in/cdn/shop/files/electrobotic-logo.svg?v=1766031859\u0026width=211,gujarat,True,True,True,False,True,True,True,True
https://wellwithlife.com,"['care@wellwith.com', 'care@wellwithlife.com']",,"{'facebook': 'https://www.facebook.com/wellwith.official', 'instagram': 'https://www.instagram.com/wellwith.official/', 'youtube': 'https://www.youtube.com/@wellwith_official'}",wellness,"Discover WellWith, India’s original Sea Buckthorn brand and manufacturer, offering lab tested, omega rich Sea Buckthorn products made from Ladakh berries for everyday wellness.",https://wellwithlife.com/cdn/shop/files/Artboard_1_copy_3_1.png?v=1751870847&width=287,uttar pradesh,True,False,True,True,True,True,True,True
https://bubsandbubbles.com,['bubsandbubblesboutique@gmail.com'],['+919910015992'],"{'facebook': 'https://www.facebook.com/profile.php?id=61559787150791', 'instagram': 'https://www.instagram.com/bubsandbubblesboutique/'}",clothing,Bubs and bubbles,https://bubsandbubbles.com/cdn/shop/files/bubs_nd_bubbles_logo_black_copy.png?v=1786456932&width=970,delhi,True,True,True,True,True,True,True,True
https://mysae.in,['care@mysae.in'],['+918375885300'],"{'instagram': 'https://www.instagram.com/itsmysae/', 'facebook': 'https://www.facebook.com/itsmysae', 'youtube': 'https://www.youtube.com/@itsmysae', 'linkedin': 'https://www.linkedin.com/company/itsmysae/'}",,"Reimagine comfort with Mysaé’s innerwear & athleisure. Shop online seamless bras, shapewear, silhouette essentials & trendsetting styles that celebrate you.",https://mysae.in/cdn/shop/files/WhatsApp_Image_2026-08-21_at_5.38.32_PM.png?v=1787314577&width=164,delhi,True,True,True,False,True,True,True,True
https://anveya.com,"['nodal@anveya.com', 'care@thriveco.in']",['+919205556325'],"{'facebook': 'https://www.facebook.com/anveyaliving', 'instagram': 'https://www.instagram.com/anveyaliving/', 'youtube': 'https://www.youtube.com/@Anveyaliving'}",beauty,Anveya US,https://anveya.com/cdn/shop/files/Anveya_logo_ee8d61b5-c2e0-4c9b-b8bb-f769a8f58fe1_230x.png?v=1786090637,haryana,True,True,True,True,True,True,True,True
https://storio.in,['wecare@storio.in'],['1800-309-1207'],"{'instagram': 'https://www.instagram.com/toystorio/', 'facebook': 'https://www.facebook.com/toystorio'}",beauty,"Experience the wonder of play with Storio's exclusive toys, where quality meets creativity for kids and the young at heart. With a focus on safety, durability, and artistic design, our toys reflect the diversity of cultures and foster multiple intelligences. Choose Storio for engaging, educational, and safe toys.",https://cdn.shopify.com/s/files/1/0856/6793/8587/files/Storio_amazon_store.png?v=1758298846,maharashtra,True,True,True,True,True,True,True,True
https://juvenas.com,['support@juvenas.com'],"['+917521922933', '+919554326690', '+919369695820', '+917905528808', '+919415282407']","{'instagram': 'https://www.instagram.com/tv/CYJO0eYNpah/?igshid=YmMyMTA2M2Y=', 'facebook': 'https://www.facebook.com/juvenaherbals', 'youtube': 'https://www.youtube.com/@JuvenaHerbals'}",beauty,"An authentic herbal beauty products online store in India. 100% Natural, Chemical free Beauty, Skincare, Haircare, & body product range manufacturer in Gorakhpur, India.",https://juvenas.com/cdn/shop/files/WhatsApp_Image_2022-11-22_at_2.37.09_PM_19b0d24e-edcd-45f2-a6e0-e905b4c18f1d_969x.jpg?v=1669131915,,True,True,True,True,True,True,False,True
https://praakritik.com,,,"{'facebook': 'https://www.facebook.com/PraakritikOrganic', 'youtube': 'https://www.youtube.com/@praakritik', 'instagram': 'https://www.instagram.com/praakritik/'}",health,Buy best organic food & seeds online in India. Praakritik offers a wide range of certified organic products that are healthy and chemical-free. Recommended by Nutritionists. ✔ Grow Organic ✔ Go Organic ✔shop now!,https://www.praakritik.com/cdn/shop/files/Praakritik_logo_white.png?v=1751526276\u0026width=2489,maharashtra,False,False,True,True,True,True,True,True
https://sheopals.com,['support@sheopals.com'],['+919999212172'],"{'twitter': 'https://twitter.com/thesheopals', 'facebook': 'https://www.facebook.com/thesheopals', 'instagram': 'https://www.instagram.com/thesheopals/', 'linkedin': 'https://www.linkedin.com/company/sheopals', 'youtube': 'https://www.youtube.com/@thesheopals'}",health,"Sheopal's is India’s top Ayurvedic store offering herbal health, skincare & personal care products. Shop now for Authentic Ayurvedic Products Online in India at the best prices.",https://www.sheopals.com/cdn/shop/files/Logo2.png?v=1742642127&width=600,delhi,True,True,True,True,True,True,True,True
https://tinygirlindia.com,['customercare@tinygirlindia.com'],['+919137990501'],"{'facebook': 'https://www.facebook.com/Tinygirlindia95', 'youtube': 'https://www.youtube.com/channel/UCktzF1EQyTg_PeGPLQsT9og', 'instagram': 'https://www.instagram.com/tinygirlclothing/?igshid=YmMyMTA2M2Y%3D'}",clothing,"Buy trendy girls’ clothes online in India at Tiny Girl. Get Extra 10% OFF on your 1st order on dresses, tops, denims & more for your little one.",https://www.tinygirlindia.com/cdn/shop/files/TINY_GIRL_NEW_LOGO_FILE_cropped.png?v=1778502450&width=400,maharashtra,True,True,True,True,True,True,True,True
https://vahdamteas.com,['help@vahdam.com'],,"{'instagram': 'https://www.instagram.com/vahdamusa/', 'facebook': 'https://www.facebook.com/VAHDAMUSA', 'twitter': 'https://twitter.com/vahdamteas', 'youtube': 'https://www.youtube.com/@vahdamindia7422', 'linkedin': 'https://www.linkedin.com/company/vahdam-teas/'}",home,Feel alive every day with VAHDAM® USA’s premium herbal teas & coffee. Crafted in India. Backed by science. Loved across 145 countries.,https://www.vahdam.com/cdn/shop/files/logo-website.png?v=1746519649&width=1000,delhi,True,False,True,True,True,True,True,True
https://benkistore.com,,['+916366666414'],"{'instagram': 'https://instagram.com/benkistore', 'youtube': 'https://www.youtube.com/channel/UCVO2q0quQ36g4Rj_J8JZz5g', 'twitter': 'https://twitter.com/benkistore', 'facebook': 'https://www.facebook.com/benkistore'}",home,"""Benki Store: Shop the coolest Kannada t-shirts online! Discover trendy designs, quotes, and slogans that celebrate Karnataka's rich culture. Order now!""",https://benkistore.com/cdn/shop/files/Benki_logo_1_-01_e7e25ac2-a055-4c3f-a936-9a61d4cc72a6.png?v=1714490287&width=330,karnataka,False,True,True,True,True,True,True,False
https://sbooch.com,['hello@sbooch.com'],['+917304904555'],"{'x': 'https://sirikulture.eshopbox.com/', 'facebook': 'https://www.facebook.com/sboochlife/', 'instagram': 'https://www.instagram.com/sboochlife/', 'youtube': 'https://www.youtube.com/@Sbooch', 'linkedin': 'https://www.linkedin.com/company/sbooch/'}",health,"SBOOCH - India's first Globally Awarded Kombucha. Winner of ""Kombucha of the Year"" at the 2025 London Beer Competition and recognized at the World Kombucha Awards (Spain). India's only kombucha brewed with 100% real, natural ingredients, zero artificial flavors or preservatives.",https://sbooch.com/cdn/shop/files/logo-mark.png?v=1712683178&width=160,,True,True,True,True,True,True,False,False
https://discoverpilgrim.com,"['social@discoverpilgrim.com', 'hello@discoverpilgrim.com']",['+917400097974'],"{'facebook': 'https://www.facebook.com/pilgrim.discover', 'instagram': 'https://www.instagram.com/discover.pilgrim/', 'youtube': 'https://www.youtube.com/@PilgrimIndia', 'linkedin': 'https://www.linkedin.com/company/discover-pilgrim/'}",beauty,"Pilgrim - Premium International Brand | No Animal Testing, No Harmful Chemicals, Natural, Vegan Friendly, FDA Approved.",https://discoverpilgrim.com/cdn/shop/files/Pilgrim-New-Logo-Without-Tagline_a9de71c3-9c1c-4a33-b4eb-95830dab01db.png?v=1750912299&width=280,maharashtra,True,True,True,True,True,True,True,True
https://indewild.com,['you@indewild.com'],['+919372682623'],"{'instagram': 'https://www.instagram.com/indewild/', 'youtube': 'https://www.youtube.com/watch?v=RI6cin8Ei4s'}",health,"At indē wild, you can find the best ayurvedic skin care products for healthy and glowing skin. You can also choose ayurvedic hair serum and oil for better hair.",,,True,True,True,True,True,False,False,True
https://colorbarcosmetics.com,"['support@colorbarcosmetics.com', 'cb-collaboration@colorbarcosmetics.com']",['+919871861861'],"{'facebook': 'https://www.facebook.com/colorbarcosmetics', 'twitter': 'https://twitter.com/lovecolorbar', 'instagram': 'https://www.instagram.com/lovecolorbar/', 'youtube': 'https://www.youtube.com/channel/UCR57rFpJ4rABT6voCOv954g'}",beauty,Choose PETA-certified premium makeup and skincare products online in India. Shop beauty products from the leading Colorbar Cosmetics store at the best price in India,https://colorbarcosmetics.com/cdn/shop/files/logo-black.png?v=1757413225&width=440,,True,True,True,True,True,True,False,True
https://atmospherestudio.in,['hello@atmospherestudio.in'],"['+919310179367', '1800-419-0406']","{'facebook': 'https://www.facebook.com/atmosphere.in', 'instagram': 'https://instagram.com/atmosphere.in', 'youtube': 'https://www.youtube.com/@atmospherestudio8938', 'linkedin': 'https://www.linkedin.com/company/67294932/', 'twitter': 'https://twitter.com/share?text=Blueberry & Lavender Kombucha&url=https://atmospherestudio.in/products/blueberry-lavender-kombucha'}",wellness,Fresh Local Gut Healing Kombucha from Atmosphere. Boost your immunity and wellness with naturally fermented tea; brewed locally. Delivered straight to your door.,https://atmospherestudio.in/cdn/shop/files/AtmosphereStudio-HorizontalLogo-01_145x.png?v=1672226013,delhi,True,True,True,True,True,True,True,True
https://mymisfits.in,['customercare@mymisfits.in'],['+919001896002'],"{'facebook': 'https://www.facebook.com/profile.php?id=61557837046159', 'instagram': 'https://www.instagram.com/bethemisfits/', 'youtube': 'https://www.youtube.com/@beamisfit', 'linkedin': 'https://www.linkedin.com/company/bethemisfits/posts/?feedView=all'}",health,"Shop The Misfits, Cocospread, Moringa Pesto, Relish & Choco Bites. Adaptogen-rich healthy snacks with free shipping on all prepaid orders across India.",https://mymisfits.in/cdn/shop/files/logo_option_01-01.png?height=36&v=1712833740,,True,True,True,True,True,True,False,True
https://baskinrobbinsindia.com,,,"{'youtube': 'https://www.youtube.com/user/BaskinRobbinsIn', 'instagram': 'https://www.instagram.com/baskinrobbinsin/?hl=en', 'twitter': 'https://twitter.com/BaskinRobbinsIn', 'facebook': 'https://www.facebook.com/BaskinRobbinsIn/'}",home,,https://cdn.shopify.com/s/files/1/0624/7065/2146/files/Main_Logo.png?v=1681288046,west bengal,False,False,True,True,False,True,True,False
https://trustbasket.com,['support@trustbasket.com'],['+918792959210'],"{'youtube': 'https://www.youtube.com/user/TrustBasket', 'instagram': 'https://www.instagram.com/trustbasket', 'facebook': 'https://www.facebook.com/TrustBasket'}",health,"Garden Items Online - TrustBasket is an Online Gardening Store | Free delivery on seeds, pots and all gardening items| Cheaper than local nurseries and garden centers.",,karnataka,True,True,True,True,True,False,True,True
https://suta.in,"['marketing@suta.in', 'info@suta.in']",,,beauty,"Suta works with weavers across India to create affordable ethnic wear, such as handloom designer lehengas, sarees and blouses with back designs. Shop now for Suta's latest collections online and enjoy the best deals.",https://suta.in/cdn/shop/files/Suta_final_logo_7413d7f5-1ef5-4049-ac55-e6e6d32ddf29.png?v=1778065148&width=2283,delhi,True,False,False,True,True,True,True,True
https://femi9byas.com,['femi9byas@yahoo.com'],['+918130030187'],{'instagram': 'https://www.instagram.com/femi9.by.as?igsh=MXNpNnY2aWppZWszeQ=='},clothing,"Explore fashionable and modern clothing solution collections in India. Discover fashionable and trendy clothing, tops and bottoms, and dresses to jumpsuits for modern women. Shop Femi9byas.",https://femi9byas.com/cdn/shop/files/Femine-9_wide_wide_3c349ec4-ea50-4782-9e73-7d6f61d65ce7_135x.png?v=1620664209,,True,True,True,True,True,True,False,True
https://mouribymounika.in,['helpdesk.mouri@gmail.com'],,{'instagram': 'https://www.instagram.com/mouri_by_mounika/'},clothing,"Comfortable, Modest and stylish women’s dresses with pockets, customizable lengths, and breathable fabrics. Made-to-order and ready-to-ship collections.",,,True,False,True,True,True,False,False,True
https://coitonic.com,['support@coitonic.com'],['+918065295344'],"{'facebook': 'https://www.facebook.com/coitonic.outfits/', 'x': 'https://x.com/coitonicoutfits', 'instagram': 'https://www.instagram.com/coitonic/?hl=en', 'youtube': 'https://www.youtube.com/@Coitonic'}",clothing,"Shop affordable gym wear for men and women from Coitonic. Discover performance activewear, compression wear, joggers, T-shirts and more, made for training.",https://coitonic.com/cdn/shop/files/logo_Desktop_2_c789332d-f0a7-478d-8f6f-7b16cd76d178.png?v=1784872876&width=150,,True,True,True,True,True,True,False,False
https://tittli.co.in,['hello@tittli.co.in'],['+917698084055'],"{'instagram': 'https://www.instagram.com/tittli.co.in/', 'facebook': 'https://www.facebook.com/tittlifashion'}",clothing,"Find Tittli’s handcrafted women’s fashion wear, blending Indian heritage with modern style. Explore sustainable, artisan clothing designed for every occasion.",https://www.tittli.co.in/cdn/shop/files/titli-logo-black_e9fec3e8-e01a-49e0-8e3f-527660fd9919.png?v=1789239459&width=480,gujarat,True,True,True,True,True,True,True,True
https://countrybean.in,['support@countrybean.in'],['+918484932148'],"{'twitter': 'https://twitter.com/countrybeanco', 'facebook': 'https://www.facebook.com/countrybeancoffee/', 'instagram': 'https://instagram.com/countrybeancoffee?', 'youtube': 'https://www.youtube.com/channel/UCtg2tccNCphhilCp2UTi01w'}",home,"Order coffee online and make super smooth coffee at home without a machine! Available in 6 flavours - Hazelnut, Caramel, Vanilla, Berry, Cocoa Mint, and Original. Shop Now!",https://countrybean.in/cdn/shop/files/Country_Bean_logo_copy_c2dd856b-3b2e-408a-b2d3-ae32bcb1d5e1_250x.png?v=1637216816,west bengal,True,True,True,True,True,True,True,True
https://codetasker.com,['info@codetasker.com'],['+917014156867'],,,"Codetasker is a Select Shopify Partner helping brands migrate to Shopify, build custom stores, and grow with ongoing development support. Book a call.",https://codetasker.com/cdn/shop/files/codetasker-main-logo.svg?v=1732708499&width=600,,True,True,False,False,True,True,False,True
https://jagdishfarshan.com,"['sales@jagdish-farshan.com', 'info@jagdish-farshan.com', 'ecommerce@jagdish-farshan.com']",['+918980808585'],"{'facebook': 'https://www.facebook.com/Jagdishfarshan/', 'instagram': 'https://www.instagram.com/jagdishfarshan/', 'twitter': 'https://twitter.com/Jagdishfarshan/', 'linkedin': 'https://www.linkedin.com/company/jagdish-farshan-private-limited/', 'youtube': 'https://www.youtube.com/@JagdishFarshan/featured'}",health,"Buy Indian namkeens and sweets from Jagdish Farshan. From our iconic Bhakharwadi to festive sweets and timeless farsan, a legacy of taste since 1938. Explore travel-friendly Indian snacks, authentic Gujarati flavors, and traditional namkeens delivered fresh to your doorstep.",https://jagdishfarshan.com/cdn/shop/files/LOGO_FILE_c1c1f14a-edc5-4490-bdd4-d908a3dec2b5.png?v=1711711325\u0026width=4500,gujarat,True,True,True,True,True,True,True,True
https://at-home.co.in,['customercare@nilkamalhomes.com'],['1800-121-1414'],"{'x': 'https://x.com/Nilkamal_Homes', 'facebook': 'https://www.facebook.com/Nilkamalhomes', 'instagram': 'https://www.instagram.com/nilkamalhomes/', 'youtube': 'https://www.youtube.com/@nilkamalhomes'}",home,"Shop Premium Furniture, Home Decor, Homeware Products Online in India at Best Price. Explore wide collection of home furniture & decor items on Nilkamal Homes. Order Now!",https://www.nilkamalhomes.com/cdn/shop/files/nilkamal_homes_cap_logo_f05465f0-fb91-4072-a082-c29e9cddafa6.svg?v=1727762499\u0026width=958,,True,True,True,True,True,True,False,False
https://rawpressery.com,"['info@yourstore.com', 'sales@yourstore.com', 'shop@yourstore.com', 'press@yourstore.com', 'support@wingreens.in']",,"{'facebook': 'https://www.facebook.com/Rawpressery', 'instagram': 'https://www.instagram.com/rawpressery/', 'youtube': 'https://www.youtube.com/@rawpressery8682', 'linkedin': 'https://in.linkedin.com/company/wingreens'}",health,,https://www.rawpressery.com/cdn/shop/files/raw_logo_180_copy.png?height=44&v=1684400321,haryana,True,False,True,True,False,True,True,True
https://mywellnesskart.com,['mywellnesskart@usv.in'],['+919967673355'],"{'facebook': 'https://www.facebook.com/babysebamedindia/', 'x': 'https://x.com/indiasebamed', 'instagram': 'https://www.instagram.com/sebamedindia?igsh=cmI0Z3NnZWJkN2k1', 'youtube': 'https://youtube.com/@indiasebamed?si=8QSXtR2ltcz7-end'}",health,"USV markets and manufactures science-backed personal care products and health supplements, including Sebamed baby and personal care products, the Golite anti-pigmentation range, and Diataal nutrition solutions for everyday health.",https://www.mywellnesskart.com/cdn/shop/files/MWK_NewLogo.avif?v=1765605208&width=150,,True,True,True,True,True,True,False,True
https://nutriorg.com,['sales@nutriorg.com'],['+919119105555'],"{'facebook': 'https://facebook.com/nutriorgorganic', 'youtube': 'https://www.youtube.com/channel/UCLuroJeH0y4NATwVa2Yb59A', 'instagram': 'https://www.instagram.com/nutriorgorganic/', 'linkedin': 'https://www.linkedin.com/company/nutriorg/'}",health,Nutriorg is the home of best organic food products in India. Our range of organic products is grown organically by our farmers who aim to keep India healthy.,https://nutriorg.com/cdn/shop/files/Capture2_300x.png?v=1646817909,,True,True,True,True,True,True,False,True
https://sweetkaramcoffee.in,"['care@sweetkaramcoffee.in', 'sanjith@sweetkaramcoffee.in']",['+917358068806'],"{'youtube': 'https://www.youtube.com/watch?v=i-k9JNAgY3Q', 'linkedin': 'https://www.linkedin.com/company/sweetkaramcoffee/', 'instagram': 'https://www.instagram.com/sweetkaramcoffee_india/', 'facebook': 'https://www.facebook.com/SweetKaramCoffee'}",home,India's Only Snacking Brand Delivering 100+ Delicacies without Palm Oil or Preservatives or Maida across the Globe. Join the Good Food Revolution! ❤️,https://sweetkaramcoffee.in/cdn/shop/files/Logo_changes_21.gif?v=1790058113&width=350,tamil nadu,True,True,True,True,True,True,True,False
https://femmella.com,['info@femmella.com'],"['+919212359073', '+919289194002']","{'facebook': 'https://www.facebook.com/FEMMELLAOFFICIAL', 'instagram': 'https://www.instagram.com/femmellaofficial/?hl=en', 'youtube': 'https://www.youtube.com/@Femmella'}",clothing,"Femmella - Stylish, affordable fashion for modern women. Discover dresses, co-ords, and tops in inclusive sizes. Free shipping & easy returns",https://www.femmella.com/cdn/shop/files/Femmella_Primary_Logo_250x.svg?v=1766040761,,True,True,True,True,True,True,False,True
https://gurchini.com,,['+919999899615'],"{'facebook': 'https://www.facebook.com/gurchiniindia', 'instagram': 'https://www.instagram.com/gur.chini/', 'youtube': 'https://www.youtube.com/channel/UCcLdl25-DdXcjr1F8YRBbQQ'}",health,Progressive Indian Sweets,https://www.gurchini.com/cdn/shop/files/Gur-Chini-Logo_copy.png?v=1719387110&width=500,delhi,False,True,True,True,True,True,True,False
https://coolberg.in,['support@coolberg.in'],['1800-233-1555'],"{'facebook': 'https://www.facebook.com/Coolbergbeverages/', 'instagram': 'https://www.instagram.com/coolberg/', 'youtube': 'https://www.youtube.com/@CoolbergBeverages', 'linkedin': 'https://www.linkedin.com/company/coolberg/'}",home,"Welcome to Coolberg - The Non-Alcoholic Beer brand from India. Our drinks are malt based crafted brews without alcohol (0.00% ABV), and can be consumed by all ages. The perfect drink to blend in and celebrate with your family and friends, Coolberg is indeed The Drink For All!",https://coolberg.in/cdn/shop/files/Coolberg_logo_50x.gif?v=1626620320,delhi,True,True,True,True,True,True,True,True
https://palmonas.com,"['corporate@palmonas.com', 'legalteam@palmonas.com', 'pr@palmonas.com', 'peopleandculture@palmonas.com', 'franchise@palmonas.com']",['+919175008322'],"{'facebook': 'https://www.facebook.com/palmonas/', 'instagram': 'https://www.instagram.com/palmonas_official/', 'linkedin': 'https://www.linkedin.com/company/palmonas/', 'youtube': 'https://www.youtube.com/@palmonas/videos'}",jewelry,"Shop for Demifine® collection pieces for your everyday use from PALMONAS. Bracelets, necklaces, rings, earrings, mangalsutras and much more. waterproof, anti tarnish and hypoallergenic jewellery. Affordable luxury jewellery for everyday. Shop for alternative to real gold jewellery at PALMONAS",https://palmonas.com/cdn/shop/files/Palmonas_Logo_Open_File-02.webp?v=1760074313&width=200,maharashtra,True,True,True,True,True,True,True,True
https://diabexy.com,"['customercare@diabexy.com', 'info@diabexy.com']","['+918448952009', '+918826054422']","{'facebook': 'https://www.facebook.com/diabexy', 'instagram': 'http://instagram.com/diabexy', 'youtube': 'https://youtube.com/diabexy', 'linkedin': 'http://linkedin.com/company/diabexy1'}",health,"Shop certified diabetes-friendly food products at Diabexy. Low GI, sugar-free foods, atta, drops, snacks and daily diet products for diabetes and sugar control.",https://diabexy.com/cdn/shop/files/diabexy_updated_logo_for_diabexy_websote_webep_1400x.webp?v=1768477110,delhi,True,True,True,True,True,True,True,True
https://greensole.in,"['rushabh@greensole.in', 'customercare@greensole.in', 'care@greensole.in']",['+918779484942'],"{'facebook': 'https://www.facebook.com/greensole.india/', 'instagram': 'https://www.instagram.com/greensole/', 'linkedin': 'https://www.linkedin.com/company/93248617/admin/dashboard/', 'youtube': 'https://www.youtube.com/channel/UCB_L2q2l4jvuj6sJxTKDV3g', 'twitter': 'https://twitter.com/i/flow/login?input_flow_data=%7B%22requested_variant%22%3A%22eyJsYW5nIjoiZW4ifQ%3D%3D%22%7D'}",health,"Shop a wide range of recycled, vegan, and earth-friendly shoes in India. Get environmentally friendly footwear that’s stylish and sustainably crafted.",,,True,True,True,True,True,False,False,True
https://areoveda.in,['info@areoveda.in'],['1800-202-5255'],"{'facebook': 'https://www.facebook.com/skincarewithareoveda', 'x': 'https://x.com/AreoVeda?mx=2', 'instagram': 'https://www.instagram.com/areoveda/', 'youtube': 'https://www.youtube.com/@areoveda'}",skincare,"India's Ecocert & EWG-verified pregnancy and baby skincare brand. Clinically tested, 98%+ natural. Shop stretch mark creams, baby creams & more",https://www.areoveda.in/cdn/shop/files/AV_Whitelogo-01-01_1e7a1eb3-5117-4136-abfe-ce01bff4996f.webp?v=1744371386&width=220,haryana,True,True,True,True,True,True,True,True
https://localfermentco.in,['hello@localfermentco.in'],['+918296850145'],"{'twitter': 'https://twitter.com/localfermentco', 'instagram': 'https://www.instagram.com/localfermentco.in/', 'youtube': 'https://www.youtube.com/channel/UCue5M2FMO8yv1KWmoiDxJuw'}",health,Soduh | Kombucha | Ginger Ale,https://localfermentco.in/cdn/shop/files/lfc-logo_dab5d6dc-ce58-404d-92a7-19e9f3d5e38b_335x200.png?v=1614306711,,True,True,True,True,True,True,False,True
https://babyorgano.com,['care@babyorgano.com'],"['+919327277041', '+916353847155']","{'instagram': 'https://www.instagram.com/babyorgano', 'youtube': 'https://www.youtube.com/channel/UCAjhgyiQYEWF287ZBOF8rIg/featured', 'facebook': 'https://www.facebook.com/babyorgano', 'x': 'https://x.com/BabyOrgano'}",wellness,"Ayurvedic and natural baby care products brand, trusted by more than 1 million parents. All kids care products are FDCA-approved and GMP certified. Shop Now!",https://cdn.shopify.com/s/files/1/0615/7756/0253/files/babyorgano-old-logo-to-new.gif?v=1789551210,,True,True,True,True,True,True,False,True
https://3sistersdrinks.com,['contact@3sistersdrinks.com'],['+917039047174'],"{'facebook': 'https://m.facebook.com/3SistersDrinks/', 'twitter': 'https://twitter.com/3sistersdrink', 'instagram': 'https://www.instagram.com/3sistersdrinks/', 'linkedin': 'https://www.linkedin.com/company/3sistersdrinks/?viewAsMember=true'}",health,"House of India's next-generation recreational beverages. Explore non-alcoholic beers, Indie Sodas, Dates Cola, Aruba Mixers & Mocktails, and Jerk Energy Drink.",https://3sistersdrinks.com/cdn/shop/files/3-sisters-logo.png?v=1766487178&width=460,maharashtra,True,True,True,True,True,True,True,True
https://clothsvilla.com,['email@domain.com'],['+919227676000'],"{'x': 'https://x.com/clothsvilla', 'facebook': 'https://facebook.com/clothsvilla', 'instagram': 'http://instagram.com/clothsvilla_com', 'youtube': 'https://www.youtube.com/@clothsvilla'}",clothing,Buy Lehenga Choli Saree Salwar Palazzo Online - Clothsvilla Shopping for Designer Bollywood Fashion Wedding Bridal Embroidered Suits Kurtis Blouse Clothsvilla,https://clothsvilla.com/cdn/shop/files/ClothsVilla_Logo_Desktop.png?format=webp&v=1647077039&width=106,gujarat,True,True,True,True,True,True,True,True
https://toycra.com,"['Info@toycra.com', 'Help@toycra.com', 'Toycra@gmail.com']",,"{'facebook': 'https://facebook.com/Toycra', 'instagram': 'https://instagram.com/toycra', 'linkedin': 'https://www.linkedin.com/company/toycra', 'youtube': 'https://www.youtube.com/channel/UCOgwnN8_Yf1hhLZqarHtvJw/videos?view_as=subscriber'}",electronics,"Toycra- Play to Grow. The top destination for the best educational toys and innovative baby gears. Carefully selected, award winning unique toys, games, books & Baby gears from all corners of the world. Toys that contribute not just to fun, but to progress too.",https://toycra.com/cdn/shop/files/Toycra_Logo-01_5e134934-c608-4d7f-948b-1a51215cabbb_741x200.jpg?v=1711615212,gujarat,True,False,True,True,True,True,True,True
https://ripoff.co.in,['ripoff.streetwear@gmail.com'],,"{'instagram': 'https://www.instagram.com/ripoff.in/', 'linkedin': 'https://www.linkedin.com/company/ripoff/?viewAsMember=true'}",clothing,"RIPOFF IS A STREETFASHION BRAND THAT BRIDGES THE GAP BETWEEN STREET FASHION, AND DIFFERENT MUSIC GENRES.",https://www.ripoff.co.in/cdn/shop/files/logo_1.png?height=61&v=1744196112,,True,False,True,True,True,True,False,True
https://neemans.com,,['+919059938941'],"{'instagram': 'https://www.instagram.com/neemansofficial/?hl=en', 'facebook': 'https://www.facebook.com/NeemansOfficial/', 'linkedin': 'https://in.linkedin.com/company/neemans'}",,"Footwear for Men & Women - Explore the wide range of stylish Sneakers, Slip Ons, Slippers & Loafers for men & women online at Neemans. Buy Now!",https://neemans.com/cdn/shopifycloud/storefront/assets/no-image-100-2a702f30_small.gif,telangana,False,True,True,False,True,True,True,True
https://cavaathleisure.com,['contact@cavaathleisure.com'],['+918792240344'],"{'instagram': 'https://www.instagram.com/cava_athleisure?igsh=MTJpNHN1bzhsNWU2MA==', 'facebook': 'https://m.facebook.com/cava.athleisure.9', 'youtube': 'https://youtube.com/@cava_athleisure?si=5M_wz4bXai6IpJWj', 'linkedin': 'https://www.linkedin.com/company/cava-athleisure/'}",clothing,"Discover the latest athleisure trends with Cava. Our trendy range of clothing is perfect for a relaxing day out, and our stylish designs will have you experiencing your wardrobe in a whole new way.",,karnataka,True,True,True,True,True,False,True,True
https://woolahtea.com,['hello@woolahtea.com'],"['+918822825288', '+917065037093']","{'facebook': 'https://www.facebook.com/WoolahTea/', 'instagram': 'https://www.instagram.com/be_woolah/', 'youtube': 'https://www.youtube.com/channel/UCFWBQbbmDiqEsAMv0UKf5Jw'}",health,"Woolah Tea, As seen on Shark Tank is the World’s First Bagless Tea Dip, offering you plastic-free tea experience without the fear of microplastics released by a teabag.. We offer Best Organic Green Tea Online In India. Whole leaf teas with better health benefits. No Plastic | No preservatives | No chemicals",https://woolahtea.com/cdn/shop/files/Group_100x.webp?v=1785058582,,True,True,True,True,True,True,False,False
https://rareplanet.com,['info@rareplanet.in'],['1800-309-6346'],"{'twitter': 'https://twitter.com/rare_planet_', 'facebook': 'https://www.facebook.com/RarePlnt/', 'instagram': 'https://www.instagram.com/rare.planet/', 'youtube': 'https://www.youtube.com/@RarePlanetRP'}",health,"Buy Online at Best Prices-Terracotta Kulhad, Coffee Mugs , Handmade Notebook, Ceramic, Steel Hand Painted, Brass Idols, Metal Figurines, Copper Bottle, Copper Glass and Handicrafted Gifts from Rural Artisans",https://rareplanet.com/cdn/shop/files/WhatsApp_Image_2024-04-03_at_15.18.49_1220f01d.jpg?v=1712137773,,True,True,True,True,True,True,False,True
https://bhukombucha.com,['info@bhukombucha.com'],,"{'instagram': 'https://www.instagram.com/bhuliving', 'facebook': 'https://www.facebook.com/bhuliving'}",wellness,"Buy organic kombucha in Delhi.  Bhu Kombucha is a women led and run start up. We make kombucha, an all-natural wellness tonic, in New Delhi. Fuelled by the healing power of natural botanicals and herbs, Bhu Kombucha is handcrafted in simple, pure, age-old formulations. Honestly good, clean kombucha.",https://bhukombucha.com/cdn/shop/files/F7816BDD-C9E2-44B7-984D-50AD68E6F2A4_160x.png?v=1619175544,delhi,True,False,True,True,True,True,True,True
https://pace-active.com,['customercare@pace-active.com'],['+919940013961'],{'instagram': 'https://www.instagram.com/pace_active/'},clothing,Our high quality active wear pieces are made for movement and designed to take you everywhere. We believe in versatile clothing that takes you seamlessly through your day – from brunch to the gym in no time.,https://www.pace-active.com/cdn/shop/t/13/assets/logo.png?v=6176,tamil nadu,True,True,True,True,True,True,True,True
https://bluetea.co.in,['contact@bluetea.co.in'],"['+917980528437', '+917980116079']","{'facebook': 'https://www.facebook.com/BlueTeaGlobal/', 'x': 'https://x.com/BlueTeaIndia', 'instagram': 'https://www.instagram.com/blueteaindia/', 'youtube': 'https://www.youtube.com/@BLUETEAIndia'}",health,"Choose from variety of Herbal Blue Tea, Butterfly Pea Flower, Purple Tea, Red Tea, Herbal Tea, Flower tea, Chamomile tea, hibiscus tea. Buy healthiest tea now & get a better sleep, amazing mornings",https://bluetea.co.in/cdn/shop/files/Logo_Blue_Variant_Rectangle_1.png?v=1749647288&width=272,delhi,True,True,True,True,True,True,True,False
https://greenbrrew.com,['support@greenbrrew.com'],['1800-123-6489'],"{'facebook': 'https://facebook.com/greenbrrew', 'instagram': 'https://instagram.com/greenbrrew', 'twitter': 'https://twitter.com/greenbrrew'}",health,Green coffee retains the essential compounds of coffee. It is time to go green in a new and refreshing way. Energize yourself with our all-new green coffee now.,https://greenbrrew.com/cdn/shop/files/logo12.png?v=1784638185\u0026width=4964,delhi,True,True,True,True,True,True,True,True
https://toycollectorsindia.com,,,"{'facebook': 'https://www.facebook.com/TOYCOLLECTORSINDIA/', 'instagram': 'https://instagram.com/toycollectorsindia?igshid=YmMyMTA2M2Y='}",home,"Shop Hot Wheels, Mini GT, Pokémon Cards, Disney Pixar Toys, and Matchbox Cars online in India. Find the best toy cars & accessories from top dealers today!",https://www.toycollectorsindia.com/cdn/shop/files/2_9f7f04f4-813a-4f4d-8bd4-4e648002e89b.png?v=1739502161&width=600,,False,False,True,True,True,True,False,True
https://krishicress.com,['customercare@krishicress.com'],['+917217675253'],"{'facebook': 'https://www.facebook.com/KrishiCress/?ref=br_rs', 'instagram': 'https://instagram.com/krishicress', 'linkedin': 'https://www.linkedin.com/company/krishi-cress/'}",health,"Good things have been growing at Krishi Cress since 2014 — seasonal exotic produce, microgreens, edible flowers, kombucha and kitchen-made condiments. Fresh from our farm to yours, across Delhi NCR.",https://krishicress.com/cdn/shop/files/Group_1321319867_971b8016-5a26-4b9f-b18f-4114f12acf40.webp?height=50&v=1771484788,delhi,True,True,True,True,True,True,True,False
https://keyaseth.in,"['recruitment@keyaseth.com', 'help@keyaseth.com']","['+917605033294', '+918334886871']","{'facebook': 'https://www.facebook.com/keyasethcosmetics/?view_public_for=103084188287691', 'instagram': 'https://www.instagram.com/keyaseth.aromatherapy/?fbclid=IwAR17VFWPwCsSVGDVPzsJGFSKEoMZpHp-_SDs4db1qO3d5eAQpspu44nrDR8', 'linkedin': 'https://www.linkedin.com/company/keyaseth/', 'youtube': 'https://www.youtube.com/channel/UCLs2Wm8dQ_gXdjTu7hvCiYQ/'}",home,"Enhance your life with natural products from Keya Seth. Select from a wide range of aromatherapy essential oils, organic skincare and haircare products perfect for any home. Experience the power of nature!",https://www.keyaseth.com/cdn/shop/files/Keya_Seth_Logo.png?v=1750778121\u0026width=600,west bengal,True,True,True,True,True,True,True,True
https://vamaleathers.com,['contact@vamaleathers.com'],['+917795897362'],"{'facebook': 'https://facebook.com/vamaleather', 'instagram': 'https://instagram.com/vamaleathers', 'youtube': 'https://www.youtube.com/@vamaleathers4436', 'twitter': 'https://twitter.com/VamaLeathers'}",,Strong & Sturdy Pet Accessories for All Breed Dogs. Made in India.,https://vamaleathers.com/cdn/shop/files/11_13561821-08b0-4dd9-9628-f8c9cf2d6a77.png?v=1774075578&width=600,,True,True,True,False,True,True,False,True
https://ugaoo.com,"['support@ugaoo.com', 'vishal@ugaoo.com', 'gifting@ugaoo.com', 'preetam@ugaoo.com', 'services@ugaoo.com', 'mohit@ugaoo.com']","['+918087087224', '+919129912991']","{'facebook': 'https://www.facebook.com/ugaooindia', 'instagram': 'https://www.instagram.com/ugaoo/', 'youtube': 'https://www.youtube.com/channel/UCr7jDFF5MO-4-BtcrVDNVxA', 'linkedin': 'https://in.linkedin.com/company/ugaoo', 'twitter': 'https://twitter.com/Ugaooindia'}",beauty,"Shop plants, seeds, pots, soil, fertilisers and tools — all in one place at Ugaoo. Everything you need for indoor and outdoor gardening.",https://www.ugaoo.com/cdn/shop/files/logo.png?height=40&v=1738571809,delhi,True,True,True,True,True,True,True,True
https://bayanjewelry.com,['info@bayanjewelry.com'],['+919820343780'],"{'facebook': 'https://www.facebook.com/people/Bayan-Jewelry/61554230461637/', 'instagram': 'https://www.instagram.com/bayan.jewelry/?hl=en', 'youtube': 'https://www.youtube.com/@BayanJewelry'}",jewelry,"Shop lab grown diamond jewellery online with premium quality & affordable prices. Find rings, pendants & earrings made to shine.",https://bayanjewelry.com/cdn/shop/files/bayan_logo.webp?v=1725372240&width=227,,True,True,True,True,True,True,False,True
https://glowglossary.com,['contact@glowglossary.in'],['+919810155476'],{'instagram': 'https://www.instagram.com/glow_glossary/'},beauty,Your cart is empty,https://glowglossary.com/cdn/shop/files/GG-Logo_png.png?v=1790010552&width=600,uttar pradesh,True,True,True,True,True,True,True,True
https://inochhi.com,['hello@inochhi.com'],['+919930005522'],,,INOCHHI is a contemporary brand initiated to overfill your high toned souls with luxe and exquisite shoes and accessories.,https://inochhi.com/cdn/shop/files/Inochhi_Logo_9a61c5b7-1529-43b3-b884-5e761ad9f68f.png?v=1721886150&width=600,,True,True,False,False,True,True,False,True
https://arata.in,"['hr@arata.in', 'grc@arata.in', 'info@arata.in', 'marketing@arata.in']",['1800-103-5572'],"{'instagram': 'https://www.instagram.com/arata.in/', 'youtube': 'https://www.youtube.com/channel/UCbuKpT07bPUdLlg8m5TEiyQ', 'linkedin': 'https://www.linkedin.com/company/aratahairandscalp/'}",health,"Explore Arata's most trusted & dermat-approved haircare solutions for Indian hair. Shop for anti-dandruff shampoo, conditioner, hair growth serum, hair cream & more.",https://www.arata.in/cdn/shop/files/New-Arata-Black-Logo.svg?v=1773646538&width=2935,delhi,True,True,True,True,True,True,True,True
https://suramyashop.com,['orders@suramyashop.com'],['+917665000989'],"{'instagram': 'https://www.instagram.com/suramyashop/', 'facebook': 'https://www.facebook.com/SuramyaTrends', 'youtube': 'https://www.youtube.com/channel/UCCjneWv7Rn39v1lToS04bZQ'}",clothing,Buy Women’s Clothing Online in India At Suramyashop. Explore Latest dresses for women. ✔ Top Quality Clothing ✔ Free Shipping ✔ Easy Returns ✔ COD.,https://www.suramyashop.com/cdn/shop/files/Suramya_Logos-01_5def4473-fbd8-4fa1-89b9-bf9be87389c5.png?v=1724760315&width=5402,,True,True,True,True,True,True,False,True
https://koaliving.com,['Info@koaliving.com'],['+917302663059'],"{'instagram': 'https://www.instagram.com/koaliving_official?igsh=M29rd3c4ZDhrYTJm', 'facebook': 'https://www.facebook.com/profile.php?id=61578158553512', 'linkedin': 'https://www.linkedin.com/company/koa-living/', 'youtube': 'https://www.youtube.com/channel/UCPDSuD7K3I66H2tK_GsJOBA'}",home,"Koa Living — Handcrafted marble furniture and home décor. Shop natural stone tables, lighting, sculptures and decoratives made to last a lifetime.",https://koaliving.com/cdn/shop/files/LOGO_TM__FFF9F1.png?v=1754027657&width=200,,True,True,True,True,True,True,False,True
https://justherbs.in,"['manish.kumar@justherbs.in', 'customer.support@justherbs.in']","['+918976826904', '+918976826905']","{'facebook': 'https://www.facebook.com/justherbs', 'instagram': 'https://www.instagram.com/justherbsindia/', 'x': 'https://x.com/JustHerbsIndia', 'youtube': 'https://www.youtube.com/channel/UC0tLWfVWGXrz3_LPTuU88VA', 'linkedin': 'https://in.linkedin.com/company/apcos-naturals-herbalists-since-2002-'}",beauty,"Just Herbs - An Official Indian e-store for herbal, organic & ayurvedic cosmetic & beauty products for skincare, hair, bath & body. It is Pure, Bespoke and Ayurvedic. Visit Now to get at best Price.",,punjab,True,True,True,True,True,False,True,True
https://easyrugs.in,,,{'instagram': 'https://www.instagram.com/easyrugs.in?igsh=MWd1cnQ0dDh5NmVjbQ=='},beauty,"Our Easy Rugs are hand-washable, Sustainable, low maintenance, Non-slip. Never worry about maintenance again. Check out our beautiful Rugs on Easy Rugs. Functionality made fun | Free Shipping.",https://easyrugs.in/cdn/shop/files/Primary-Madder-Brown-2000px.png?v=1685429436&width=2000,,False,False,True,True,True,True,False,True
https://kavipoetryart.in,['support@kavipoetryart.in'],['+918130103579'],"{'instagram': 'https://www.instagram.com/kavipoetryart/', 'youtube': 'https://www.youtube.com/watch?v=YYTVvG5ZwxE&pp=ygUTa2F2aSArIHplZSBidXNpbmVzc9gG6Qc%3D', 'facebook': 'https://www.facebook.com/KaviThePoetryArtProject', 'twitter': 'https://twitter.com/kavipoetryart'}",beauty,"Kavi is an independent label which works towards reducing carbon footprint and help to run circular economy by reusing, refurbishing, recycling and upcycling existing materials and products. The company creates many varieties of recycled gifting products for corporate houses as well as retail users.",https://kavipoetryart.in/cdn/shop/files/logo-kav_5bf5b29c-7fa4-4696-bf10-86558d30e715.png?v=1651749341&width=3486,uttar pradesh,True,True,True,True,True,True,True,False
https://sepoyandco.com,['support@sepoyandco.com'],['+918130652277'],"{'instagram': 'https://www.instagram.com/sepoyandco/', 'facebook': 'https://www.facebook.com/sepoyandco/', 'youtube': 'https://www.youtube.com/@drinksepoyandco/featured'}",home,"Sepoy & Co. Premium Botanical Mixers and Drinks. Our range of Tonic Water's, Ginger Ale and Lemonade's are made with natural ingredients and are all Low Calorie!",https://sepoyandco.com/cdn/shop/files/newlogo_368x.png?v=1745772647,delhi,True,True,True,True,True,True,True,True
https://varanga.in,['care@varanga.co.in'],"['+919727067000', '+919727068000']","{'facebook': 'https://www.facebook.com/Varanga-2008367166051742/', 'instagram': 'https://www.instagram.com/varanga_official/'}",clothing,"Buy Designer Kurtas for Women online. Explore our collection of festive kurtas, fusion Kurta, daily wear Kurtas and Kurta Sets online at Varanga.",,delhi,True,True,True,True,True,False,True,True
https://meenaelements.com,"['sales@meenaelements.com', 'mandar@meenaelements.com', 'info@meenaelements.com']",['+919833982379'],"{'facebook': 'https://www.facebook.com/meenaelements', 'twitter': 'https://twitter.com/meenaelements', 'instagram': 'https://www.instagram.com/meenaelements/', 'youtube': 'https://www.youtube.com/channel/UCZpAQ4mSsY8n_2ipShIynXA'}",beauty,Buy cosmetics and beauty products online from Meena Elements. Enjoy a seamless shopping experience and fast delivery. Shop now at Meena Elements and indulge in the best beauty products online. https://meenaelements.com/collections https://meenaelements.com/pages/exporters-of-cosmetics,https://meenaelements.com/cdn/shop/files/Meena_Elements_Logo-04.png?height=44&v=1666014609,maharashtra,True,True,True,True,True,True,True,True
https://humminghaus.com,"['support@humminghaus.com', 'Shop@humminghaus.com', 'shop@humminghaus.com', 'Support@humminghaus.com']","['+917393835141', '+917829735141']","{'facebook': 'https://www.facebook.com/humminghausstateoftheart', 'youtube': 'https://www.youtube.com/@HumminghausRugs', 'instagram': '//instagram.com/humminghaus'}",home,"Shop handmade wool, hemp, viscose & cotton rugs crafted in Mirzapur. Natural, custom & designer area rugs. Free shipping & easy returns across India.",https://humminghaus.com/cdn/shop/files/humming_600x_1_600x.png?v=1663315873,,True,True,True,True,True,True,False,True
https://kharakapas.com,['hello@kharakapas.com'],"['+918510949696', '+918178227504', '+919873720096', '+917678104501', '+919211333083']","{'facebook': 'https://www.facebook.com/KharaKapas/', 'instagram': 'https://www.instagram.com/kharakapas/', 'youtube': 'https://www.youtube.com/@kharakapas6269'}",clothing,"Explore Khara Kapas for handcrafted Indian clothing made with pure homegrown fabrics and original prints. Shop women's, men's, kids' fashion and accessories. Free shipping in india.",https://kharakapas.com/cdn/shop/files/kharakapas_logo_764px.png?v=1613694605&width=764,maharashtra,True,True,True,True,True,True,True,True
https://chilzo.com,['hello@chilzo.com'],['+919653700198'],"{'instagram': 'https://www.instagram.com/chilzoofficial/', 'youtube': 'https://www.youtube.com/@chilzo', 'facebook': 'https://www.facebook.com/people/Chilzo/61576604603655/#'}",health,Taste the World! Bringing you flavors from all around the world in India. Allow your taste buds to teleport you to different parts of the globe.,https://chilzo.com/cdn/shop/files/logo_chilzo_1.png?v=1667559101&width=600,,True,True,True,True,True,True,False,True
https://teatrunk.in,['hello@teatrunk.com'],['+917900195764'],"{'facebook': 'https://www.facebook.com/teatrunk/', 'twitter': 'https://twitter.com/teatrunk?lang=en', 'instagram': 'https://www.instagram.com/teatrunk/', 'youtube': 'https://www.youtube.com/@TeaTrunkGlobal/'}",health,"Explore Tea Trunk's exquisite collection of small batch teas and teaware. Discover a world of flavours crafted with passion and expertise, including green tea, black tea, herbal infusions, white tea, and oolong.",https://teatrunk.in/cdn/shop/files/TT_Logo_1.png?v=1700587662,maharashtra,True,True,True,True,True,True,True,False
https://neown.in,['contact@neown.in'],"['+919324455972', '+919137081640']","{'facebook': 'https://www.facebook.com/share/1RV6DxbeXDuA2QAX/?mibextid=qi2Omg', 'instagram': 'https://www.instagram.com/neown.in/', 'twitter': 'https://twitter.com/home', 'linkedin': 'https://www.linkedin.com/company/neown/', 'youtube': 'https://youtube.com/@neOwn.?si=dL0fQ7XbMXHuBfVh'}",home,"We're a kids book & toy library (0-14 years) with 75,000+ books & 1,500+ premium toys. You can select books & toys on the neOwn app & get home delivery + pick up! Rent, Read, Play, Return! Built for the child's success and the parents' convenience - all in one sustainable & affordable package.",https://neown.in/cdn/shop/files/neOwn_website_logo_4f4f6dc2-8b02-4ac7-bfda-842abc1992f8.png?v=1745232656\u0026width=3912,maharashtra,True,True,True,True,True,True,True,True
https://malaki.in,,,,home,🛒 Most Ordered,https://malaki.in/cdn/shop/files/new.png?height=80&v=1754046035,,False,False,False,True,True,True,False,True
https://purplelifesciences.com,['support@purplelifesciences.com'],['+917205390999'],"{'facebook': 'https://www.facebook.com/people/Purple-Life-Sciences/61574161930748/', 'instagram': 'https://www.instagram.com/purple_life_sciences/', 'linkedin': 'https://in.linkedin.com/company/purplelifesciences', 'twitter': '//twitter.com/intent/tweet?text=DiaB%20Max%20%7C%20Blood%20Sugar%20Support&url=https://www.purplelifesciences.com/products/diab-max'}",health,"Advanced SCFE-based Ayurvedic medicines by Purple Life Sciences. Safe for long-term use, supports allopathy, and promotes preventive and targeted health.",https://www.purplelifesciences.com/cdn/shop/files/pls_logo.png?v=1746542228&width=413,telangana,True,True,True,True,True,True,True,True
https://zenbarefoot.com,['hello@zenbarefoot.com'],['+918527373232'],"{'facebook': 'https://www.facebook.com/profile.php?id=61558088953493&mibextid=LQQJ4d', 'instagram': 'https://www.instagram.com/zenbarefoot', 'linkedin': 'https://www.linkedin.com/company/zen-barefoot/'}",health,"Best Barefoot Shoes India by Zen Barefoot. Expert-designed minimalist shoes for running, gym & walking with natural movement support & stability.",https://www.zenbarefoot.com/cdn/shop/files/Cropped_Icon_Greeni.png?v=1781631871&width=600,delhi,True,True,True,True,True,True,True,False
https://headphonezone.in,,,"{'facebook': 'https://www.facebook.com/HeadphoneZone', 'twitter': 'https://twitter.com/Headphone_Zone', 'instagram': 'https://www.instagram.com/headphonezone/', 'youtube': 'https://www.youtube.com/@headphone_zone?sub_confirmation=1'}",home,"For people who choose music. 6,00,000+ Audiophiles served over 15 years. The best IEMs, headphones, DACs and amps from 100+ curated brands, plus our Headphone Zone Collabs.",https://www.headphonezone.in/cdn/shop/files/Headphone-Zone-Logo-Focal.png?v=1642160550\u0026width=280,,False,False,True,True,True,True,False,False
https://westside.com,"['westside@trent-tata.com', 'franchise@trent-tata.com', 'investor.relations@trent-tata.com']",['1800-209-9901'],,clothing,"Shop at India's Best Online Shopping Site for Men, Women , Kids Fashion. Discover wide range of clothing, footwear, bags , beauty products for men, women , kids at Westside Online Shopping Store.",https://cdn.shopify.com/s/files/1/0646/5912/8374/files/westside-logo.png?v=1771927435&width=500&height=143&crop=center,maharashtra,True,True,False,True,True,True,True,True
https://hungrykoala.in,['aloha@hungrykoala.in'],,"{'facebook': 'https://www.facebook.com/hungrykoala.in', 'instagram': 'https://www.instagram.com/hungrykoala.in', 'youtube': 'https://www.youtube.com/channel/UCSpkl26TrPP4qsyh6RGj-_Q'}",health,"Pediatrician-built clean-label cereals & kids food. No refined sugar, no maltodextrin. By Dr. Sayed Mujahid Husain & Shazia Anjum, made in Bengaluru.",https://www.hungrykoala.in/cdn/shop/t/39/assets/logo.png?v=26546761467879541061784011014,delhi,True,False,True,True,True,True,True,True
https://priisindia.com,['Info@Priisindia.com'],['+919539999930'],"{'facebook': 'https://www.facebook.com/bsynoninaturals', 'instagram': 'https://www.instagram.com/bsynoninaturals/', 'youtube': 'https://www.youtube.com/@BSYNoniHairMagic'}",health,"Transform your hair instantly with BSY NONI Instant Hair Colour Shampoo! Cover greys hassle-free with Noni extract, no mess, just vibrant color in minutes!",,karnataka,True,True,True,True,True,False,True,True
https://nestroots.com,['support@nestroots.com'],"['+919958096900', '+919220617622']","{'facebook': 'https://www.facebook.com/profile.php?id=61572818044511', 'instagram': 'https://www.instagram.com/nestroots/', 'youtube': 'https://www.youtube.com/@nestrootsofficial'}",home,"Buy home decor items & accessories online at best prices in India @ Nestroots. An online home décor store for furniture, kitchen, dinning & furnishings. Shop Now!",https://www.nestroots.com/cdn/shop/files/logo.png?v=1692353122&width=600,delhi,True,True,True,True,True,True,True,True
https://bartisans.in,['info@bartisans.in'],['+918879002245'],"{'facebook': 'https://www.facebook.com/Bartisans.in', 'instagram': 'https://www.instagram.com/bartisans.in/?igshid=YmMyMTA2M2Y%3D', 'youtube': 'https://www.youtube.com/channel/UCadG86yVFqZjJb73y2vhCjw', 'linkedin': 'https://www.linkedin.com/company/bartisans'}",home,"Our pre-shaken, low-calorie cocktail mixers help you make bar-quality cocktails in less than two minutes. Simply add your favorite spirit and lots of ice, and you're ready to take a sip! Now, try to stop at one!",https://www.bartisans.in/cdn/shop/files/Logo_Final_280x.png?v=1665382436,,True,True,True,True,True,True,False,True
https://mallewear.com,"['hello@cancelledplans.com', 'hello@mallewear.com']",['+919963848844'],"{'facebook': 'https://www.facebook.com/profile.php?id=61575895260348', 'x': 'https://x.com/mallewear', 'instagram': 'https://www.instagram.com/mallewear/', 'youtube': 'https://www.youtube.com/@mallewear/'}",,Explore premium athleisure made with soft natural fabrics and bold colors. Designed for creatives who wear their personality. Shop new arrivals at Mallewear.com,https://www.mallewear.com/cdn/shop/files/malle_logo1.webp?height=120&v=1777460689,,True,True,True,False,True,True,False,True
https://sokkatableware.com,['info@sokkatableware.com'],"['+918003011110', '+919998082253', '1800-301-1110']","{'facebook': 'https://www.facebook.com/sokkatableware/', 'instagram': 'https://www.instagram.com/sokkatableware'}",beauty,SokkaTableWare,https://sokkatableware.com/cdn/shop/files/image_11.png?v=1767953758&width=83,maharashtra,True,True,True,True,True,True,True,True
https://eyemode.in,['support@eyemode.in'],['+919147063405'],"{'facebook': 'https://www.facebook.com/people/Eyemode/61574604533303/', 'instagram': 'https://www.instagram.com/eyemode.in/?igsh=MTNtb2FneWp3MmIwYQ%3D%3D&utm_source=qr#', 'linkedin': 'https://www.linkedin.com/company/eyemode'}",home,"Buy trendy eyeglasses & sunglasses online in India. Acetate, metal & TR90 frames for men & women. Free shipping across India. 100+ unique styles to match your mode at Eyemode.",https://eyemode.in/cdn/shop/files/logo_transparent_black_PC.webp?v=1788778032&width=600,west bengal,True,True,True,True,True,True,True,True
https://ragecoffee.com,['help@ragecoffee.com'],['+918181959563'],"{'facebook': 'https://www.facebook.com/theragecoffee/', 'twitter': 'https://twitter.com/theragecoffee', 'instagram': 'http://instagram.com/ragecoffee_', 'youtube': 'https://www.youtube.com/c/RageCoffee'}",health,"Rage Coffee® is World's Most Effective Instant Coffee Infused with Natural Brain Vitamins & Plant Based Cognitive Enhancers. Helps you increase focus & power! -Designed for Convenience as Shots! Worldwide Shipping, Free Sample, No Fuss Returns & COD Available!",https://ragecoffee.com/cdn/shop/files/Rage_Coffee_New_Logo_x200_2x-edited_x180.png?v=1652100850,,True,True,True,True,True,True,False,False
https://houseofdk.in,"['contact.houseofdk@gmail.com', 'info.houseofdk@gmail.com']",['+919082062151'],"{'facebook': 'https://www.facebook.com/houseofdk', 'instagram': 'https://www.instagram.com/houseofdk/', 'youtube': 'https://www.youtube.com/@houseofdk'}",home,"House Of DK focuses on fresh and exciting designs in couture & ready to wear streetwear. Shop for Jackets, t-shirts, hoodies, trackpants and cool accessories now.",https://houseofdk.in/cdn/shop/files/Untitled_design_38.png?v=1661087368&width=600,,True,True,True,True,True,True,False,True
https://biotique.com,['contact@biotique.com'],['+917900900582'],"{'facebook': 'https://www.facebook.com/Biotique', 'instagram': 'https://instagram.com/biotique_world/', 'youtube': 'https://www.youtube.com/channel/UC6PjMJF3q0v7XFd__9STGxw'}",skincare,"Shop Biotique Ayurvedic skincare and haircare products made with botanical ingredients. Explore face care, hair care, body care, sunscreens and more.",https://cdn.shopify.com/s/files/1/0652/3787/6974/t/1/assets/brand.svg?v=45334466965441140331660107038,uttar pradesh,True,True,True,True,True,True,True,True
https://osestudios.in,,['+919099035580'],"{'facebook': 'https://facebook.com/shopify', 'instagram': 'http://instagram.com/shopify'}",clothing,"Osé creates fashionable clothing for modern women without compromising on quality, originality, or comfort - making you feel seen and celebrated for being unapologetically you! COD available and we ship worldwide",https://osestudios.in/cdn/shop/files/image_73.webp?v=1780036790&width=90,maharashtra,False,True,True,True,True,True,True,False
https://sunnysideupkidz.com,,,{'instagram': 'https://www.instagram.com/sunnysideupkidz?igsh=dWZvM3YycGpjazcy'},clothing,Sunny Side Up Kids,https://sunnysideupkidz.com/cdn/shop/files/TEXT_LOGO-01_f10d3299-c9af-4683-9d06-95efc4f88b6c.png?v=1788765312&width=3852,telangana,False,False,True,True,True,True,True,True
https://7-10.in,,,{'instagram': 'https://www.instagram.com/svnten.in/'},clothing,"Shop 7-10 - Premium high-top, low-top & chunky sneakers, clothing and accessories for men and women. India's top design house | Free shipping and Easy returns nationwide.",https://seventen.in/cdn/shop/files/svn_ten_logo.png?height=70&v=1768224366,,False,False,True,True,True,True,False,True
https://dornamilan.com,['care@dornamilan.com'],,"{'instagram': 'https://www.instagram.com/dornamilan/', 'linkedin': 'https://www.linkedin.com/company/dornamilan/'}",clothing,"Shop Dorná Milan women’s dresses, tops and co-ord sets made from certified recycled and responsibly sourced materials. Limited drops, sculptural silhouettes,...",https://dornamilan.com/cdn/shop/files/Dorna_Milan_Transparent_BG_1.png?v=1776933041&width=120,maharashtra,True,False,True,True,True,True,True,True
https://dekoro.in,,['+919711148883'],"{'twitter': 'https://twitter.com/dekoroofficial', 'facebook': 'https://www.facebook.com/dekoroofficial', 'instagram': 'https://www.instagram.com/dekoroofficial/', 'youtube': 'https://www.youtube.com/@dekoroofficial'}",home,Shop stylish home décor and accessories online. Find unique pieces to enhance your space with elegance and charm. Buy now for your dream home!,https://dekoro.in/cdn/shop/files/logo.png?v=1712332757&width=600,delhi,False,True,True,True,True,True,True,True
https://belifindia.in,['care@belifindia.in'],['+918879704650'],"{'facebook': 'https://www.facebook.com/belifindia', 'instagram': 'https://www.instagram.com/belifindia/', 'youtube': 'https://www.youtube.com/channel/UCrmS6Uaabqz2Y13p9uVtssg'}",health,"Hydration is the key to healthy skin. Shop belif India's range of face cleansers, toners, serums and moisturizers, suitable for all skin types and skin concerns. belif is a clean and vegan skincare brand that blends korean skincare technology and traditional natural herbs to create hydrating skincare formulas.",https://www.belifindia.in/cdn/shop/files/MicrosoftTeams-image_9_x60_95d64791-f566-4afa-8817-2bf694421dab_{width}x.webp?v=1658217187,,True,True,True,True,True,True,False,True
https://essorsuperfoods.com,['info@essorsuperfoods.com'],['+919429693968'],"{'facebook': 'https://www.facebook.com/EssorSuperfoods/', 'instagram': 'https://www.instagram.com/essorsuperfoods'}",health,Best sellers,https://essorsuperfoods.com/cdn/shop/files/Essor_green_logo.png?height=52&v=1789882121,tamil nadu,True,True,True,True,True,True,True,True
https://temptindia.com,"['customercare@temptindia.com', 'Customercare@temptindia.com']",['+917391008008'],"{'facebook': 'https://www.facebook.com/Temptindiaofficial', 'x': 'https://x.com/IndiaTempt', 'instagram': 'https://www.instagram.com/tempt.india/', 'youtube': 'https://www.youtube.com/@temptindia/featured'}",electronics,"Shop Tempt’s latest Power Banks, Wireless Earbuds, Adapters & Bluetooth Speakers, Smart Watches, Neckbands, Cables & Sound bars. Premium quality at great prices. Free shipping.",https://temptindia.com/cdn/shop/files/Tempt_New_Logo_Png.png?v=1783502621&width=1080,maharashtra,True,True,True,True,True,True,True,True
https://dcyphr.in,"['customercare@dcyphr.in', 'info@dcyphr.in']",['+918796829056'],"{'instagram': 'https://www.instagram.com/dcyphryourself/', 'facebook': 'https://www.facebook.com/Dcyphr.Store/', 'youtube': 'https://www.youtube.com/@DcyphrYourself', 'linkedin': 'https://www.linkedin.com/company/dcyphr-lifestyle-designs-pvt-ltd/'}",apparel,"Shop DCYPHR athleisure wear designed for active, dynamic lifestyles. Discover performance T-shirts, shorts, track pants, jackets and streetwear built for comfort, movement and everyday style. Rooted in individuality, confidence, and freedom, DCYPHR creates apparel that balances performance with personal style.",https://dcyphr.in/cdn/shop/files/Myntra-Emblem.png?v=1782731782&width=720,delhi,True,True,True,True,True,True,True,True
https://roastytasty.com,"['info@roastytasty.com', 'kohlileena31@gmail.com']","['+918955121977', '+919314483449']","{'instagram': 'https://www.instagram.com/roastytasty', 'facebook': 'https://m.facebook.com/roastytastysnacks/', 'youtube': 'https://www.youtube.com/channel/UCsWkfGfI5aTVve2oKzV3lMQ', 'linkedin': 'https://in.linkedin.com/company/pioneer-non-fried-foods-pvt-ltd'}",health,"Shop healthy snacks perfect for guilt-free indulgence. With No Palm Oil, our delicious and crunchy namkeen, including millet-based and gluten free options, satisfy your cravings. Explore our 100% Roasted and Tasty namkeen range. Buy roasted healthy snacks online at great prices. Try our healthy and tasty namkeen today!",,,True,True,True,True,True,False,False,True
https://handwoven.aadyam.co.in,['aadyam-sales@adityabirla.com'],['+919711166007'],"{'instagram': 'https://instagram.com/aadyamhandwoven', 'facebook': 'https://www.facebook.com/AadyamHandwoven/', 'youtube': 'https://www.youtube.com/channel/UC-oWv09WNsr-u1xUUrafsag'}",apparel,"Aadyam Handwoven is a corporate social enterprise from the house of Aditya Birla working with weaver clusters in Banaras, Bhuj, Bhadohi, Gadwal, Kashmir and Pochampally.",https://handwoven.aadyam.co.in/cdn/shop/files/1._Aadyam_logo-Original-svg.svg?v=1689774654&width=3072,maharashtra,True,True,True,True,True,True,True,False
https://finesilverjewels.com,['salesfinesilverjewels@gmail.com'],"['+919829314701', '+919660099203']","{'facebook': 'https://www.facebook.com/finesilverjewelsRJ/', 'instagram': 'https://www.instagram.com/finesilverjewels_rj/', 'youtube': 'https://www.youtube.com/channel/UCR0b7fQGNAlwo4Ic_qtzexg/featured'}",jewelry,Fine Silver Jewels is a line of affordable hallmark 925 silver jewellery from Ruhani Jewellers.,https://finesilverjewels.com/cdn/shop/files/LOGOS.png?height=36&v=1736249384,,True,True,True,True,True,True,False,True
https://roze211.com,"['publicrelations@roze211.co', 'info@roze211.co']","['+919891771600', '+919891106560']","{'facebook': 'https://www.facebook.com/roze2.11', 'x': 'https://x.com/roze2_11', 'instagram': 'https://www.instagram.com/roze2.11/', 'youtube': 'https://www.youtube.com/@Roze21.1'}",clothing,"At Roze2.11 Explore our range of AVANTGARDE styles that are designed to subvert norms, ethereal dresses, the perfect outfits for special occasion. Shop now for quality, style, and unbeatable elegance!",,delhi,True,True,True,True,True,False,True,True
https://cupji.com,"['aakashsotta@cupji.com', 'customercare@cupji.com', 'jaysotta@cupji.com']","['+918591930070', '+917977377619']","{'instagram': 'https://www.instagram.com/cup_ji/?utm_medium=copy_link', 'facebook': 'https://www.facebook.com/people/Cup-Ji/100080770771711/', 'linkedin': 'https://www.linkedin.com/company/cup-ji/'}",health,"Cup-Ji is an innovative product, working toward making green tea palatable and hassle-free to brew. Try out our Green Tea Cups! Making Green Tea Tasty with Whole Leaf Teas, All natural Ingredients with No Added Sugar.",https://cupji.com/cdn/shop/files/CupJi_Logo_4baa20be-6743-4574-8aed-6c1fa10b1b39.png?v=1707106363,maharashtra,True,True,True,True,True,True,True,True
https://wellnessialifesciences.com,['hello@wellnessialifesciences.com'],,"{'facebook': 'https://www.facebook.com/wellnessialifescience', 'instagram': 'https://www.instagram.com/wellnessialifesciences', 'youtube': 'https://www.youtube.com/@wellnessialifesciences'}",health,"Wellnessia Lifesciences offers premium and best health gummies with science-backed ingredients to boost your daily wellness, energy, sleep, and vitality.",,haryana,True,False,True,True,True,False,True,True
https://fabricroot.com,['Siddharth@fabricroot.com'],['+918287079220'],"{'facebook': 'https://www.facebook.com/Fabricroot', 'instagram': 'https://www.instagram.com/fabricroot.designerfabrics/', 'youtube': 'https://www.youtube.com/@fabricroot9920'}",clothing,"Shop premium fabrics online at FabricRoot – cotton, rayon, organza, velvet, embroidered, designer & dyeable fabrics by meter across India.",https://fabricroot.com/cdn/shop/files/fabricroot-logo.png?v=1613701345&width=600,delhi,True,True,True,True,True,True,True,True
https://beardo.in,"['support@beardo.in', 'Support@beardo.in']","['+917818000555', '+917435000861']","{'instagram': 'https://www.instagram.com/beardo.official/?hl=en', 'twitter': 'https://twitter.com/beardoformen?lang=en', 'facebook': 'https://www.facebook.com/beardoofficial/', 'youtube': 'https://www.youtube.com/channel/UC8tE3gNWC-B6BqLuKkqivxw'}",electronics,"India's #1 men's grooming brand. Shop beard oils, growth serums, face washes, fragrances & more. Free shipping on orders above Rs. 499. Shop now.",https://beardo.in/cdn/shop/files/logo-container.png?v=1774261507&width=300,gujarat,True,True,True,True,True,True,True,True
https://redbasil.in,['ontact@redbasil.in'],['+919821214134'],"{'facebook': 'https://www.facebook.com/redbasil.save', 'instagram': 'https://www.instagram.com/redbasil.in', 'youtube': 'https://www.youtube.com/channel/UCc4R7MM2PB8NYYpys2pKcpw', 'linkedin': 'https://www.linkedin.com/company/redbasil'}",home,"Redbasil is an online store for clean, high-quality kitchen ingredients that are sourced directly from trusted farms and producers. No fancy claims, no unnecessary markups - just honest ingredients, packed with care, and delivered to your home. Because better food starts with better ingredients!",https://redbasil.in/cdn/shop/files/redbasil-W_B.png?v=1738314103&width=600,delhi,True,True,True,True,True,True,True,True
https://zenmacoffee.com,"['support@zenmacoffee.com', 'badcopywriter@zenma.in']","['+918810665240', '+919310438376']",{'instagram': 'https://www.instagram.com/p/DF_-19HyPoJ/'},home,"Enjoy barista-level coffee at home with Zenma's coffee concentrate & frozen espresso shots. Quick, tasty, and convenient. Great coffee without machines, grinding or mess.",https://cdn.shopify.com/s/files/1/0710/6343/7524/files/Shark_Tank_India222-04.png?v=1741173443,delhi,True,True,True,True,True,True,True,True
https://mountaintribe.in,,,"{'instagram': 'https://www.instagram.com/tribe_kombucha/ - instagram', 'linkedin': 'https://www.linkedin.com/showcase/tribekombucha/?viewAsMember=true - lkdn', 'facebook': 'https://www.facebook.com/profile.php?id=61564599000739&ref=NONE_xav_ig_profile_page_web#', 'x': 'https://x.com/Join_TheTribe', 'youtube': 'https://www.youtube.com/@Tribekombucha'}",wellness,Looking for The Best Kombucha Online? Buy Kombucha Online from Mountaintribe for a Refreshing Wellness Experience. We are the Best Kombucha Brand in India.,https://tribekombucha.in/cdn/shop/files/Untitled_design__16_-removebg-preview.png?height=72&v=1773404402,,False,False,True,True,True,True,False,True
https://babyhug.in,,,"{'facebook': 'https://www.facebook.com/babyhug', 'instagram': 'https://www.instagram.com/babyhug', 'youtube': 'https://www.youtube.com/@babyhugshopping'}",health,"Babyhug: India's Largest Brand for Newborns, Babies &amp; Kids Products. Browse the extensive range of Clothes, Baby Gear, Nursery, Diapering, Toys and much more!",https://babyhug.in/cdn/shop/files/logo.png?v=1776228215&width=600,,False,False,True,True,True,True,False,True
https://heartupmysleeves.com,['heartupmysleeves@gmail.com'],"['+919910913166', '+918700620071']","{'instagram': 'https://instagram.com/heartupmysleeves?utm_medium=copy_link', 'facebook': 'https://www.facebook.com/heartupmysleeves/'}",clothing,"Heart Up My Sleeves is proud to bring you fashion forward accessories that are curated as personalised styling assets or popularly known as “your everyday must-haves”. Not just this, Heart Up opens an entirely new world of intricately crafted silhouettes & styles that are already taking the",,delhi,True,True,True,True,True,False,True,True
https://popees.com,['online@popees.com'],['+919072113911'],"{'facebook': 'https://www.facebook.com/popeesbabycare/', 'instagram': 'https://www.instagram.com/popeesbabycare/', 'youtube': 'https://www.youtube.com/channel/UCt0BZxfcDuVfOVtcCRBuqsA', 'x': 'https://x.com/popeesbabycare', 'linkedin': 'https://www.linkedin.com/company/popees-baby-care/'}",clothing,"Popees Baby Care, the largest online baby shop for premium baby products and accessories. Explore a wide range of essentials for newborns, infants, and toddlers with trusted quality. Enjoy Free Shipping, Cash on Delivery, Best Prices, and safe, gentle products for everyday care and comfort, trusted by parents always.",https://www.popees.com/cdn/shop/files/popees_logo.gif?height=47&v=1775814201,kerala,True,True,True,True,True,True,True,True
https://baccabucci.com,['crm@baccabucci.com'],['+918287731376'],"{'twitter': 'https://twitter.com/bacca_bucci', 'facebook': 'https://www.facebook.com/baccabucci/', 'instagram': 'https://www.instagram.com/bacca_bucci/', 'youtube': 'https://www.youtube.com/channel/UCb6KZ9GiNPlvA7qUGQLcNkw'}",home,"Bacca Bucci is one of the best shoe brands in India, known for stylish sneakers, boots, running shoes, and fashion footwear for men and women.",https://baccabucci.com/cdn/shop/files/main_logo_file_new.svg?v=1741160332&width=200,delhi,True,True,True,True,True,True,True,True
https://springsoul.in,['cs@springsoul.in'],['+917835000139'],"{'facebook': 'https://www.facebook.com/springsoulofficial', 'instagram': 'https://www.instagram.com/springsoulofficial/?hl=en'}",clothing,"Shop the best women's clothing online! Explore handpicked fabrics like Ajrakh, Bandhani, Cotton, and Chanderi. Stylish, sustainable, zero waste & timeless fashion for men & women. Discover the handmade fabric beaded jewellery and metal jewellery from Silva Sutra to pair up perfectly with each outfit.",https://springsoul.in/cdn/shop/files/Artboard_2-8.png?v=1627029103&width=600,delhi,True,True,True,True,True,True,True,True
https://deyga.in,['enquiry@deyga.in'],['+919159305599'],"{'facebook': 'https://www.facebook.com/people/Deyga-Organics/100067458253719/', 'instagram': 'https://www.instagram.com/deyga_organics/', 'x': 'https://x.com/deygaorganics', 'youtube': 'https://www.youtube.com/channel/UC5xhroNk5TZyi4Ju0BE_Yqw', 'twitter': '//twitter.com/share?text=https://maps.app.goo.gl/7UTPRcun7BZmXdSj8', 'linkedin': 'https://www.linkedin.com/company/deyga-organics'}",health,"Say yes to healthy, radiant skin with Deyga Organic's natural skin care products, made with pure ingredients. Find your favourites & glow naturally.",https://deyga.in/cdn/shop/files/Speed_Deyga_Logo_22e3e05f-d43a-4ed7-a33d-8f5f8d393c0c.png?v=1782390990&width=600,karnataka,True,True,True,True,True,True,True,True
https://carriall.com,"['hello@carriall.com', 'sales@carriall.com']","['+919373687399', '+918888099991']","{'facebook': 'https://www.facebook.com/TheCariallCo/', 'x': 'https://x.com/thecarriallco', 'instagram': 'https://www.instagram.com/thecarriallco/?hl=en', 'youtube': 'https://www.youtube.com/channel/UC6GdSsz8tYbfRM_QY0f4wjg', 'linkedin': 'https://www.linkedin.com/company/the-carriall-co/'}",home,"Carriall is a premium smart luggage & lifestyle brand offering innovative luggage, backpacks, duffle bags, laptop bags, lunch bags, travel accessories & stylish handbags for modern travellers. Home to the Official Real Madrid Bag Collection in India. Where smart design meets everyday convenience for every smart journey",https://carriall.com/cdn/shop/files/CARRIALLAsset_27logo.png?v=1686208095&width=1201,,True,True,True,True,True,True,False,True
https://pascati.com,['indulge@pascati.com'],['+917304961310'],"{'youtube': 'https://www.youtube.com/watch?v=7C5hhqNE-XY&feature=youtu.be', 'instagram': 'https://www.instagram.com/reel/C2hfGttyv08/?igsh=enJtb3JjcjhzOGh3', 'facebook': 'https://facebook.com/pascatichocolate'}",health,"India's first certified organic & Fairtrade bean-to-bar chocolate. Single origin Kerala cacao. Dark chocolate bars, hampers & dragees. Express Shipping across India. Perfect for corporate gifting.",https://pascati.com/cdn/shop/files/Shopify_Logo_280x.png?v=1752701660,maharashtra,True,True,True,True,True,True,True,True
https://spaces.in,['care@spaces.in'],['1800-123-6408'],"{'facebook': 'https://www.facebook.com/SpacesInd/', 'instagram': 'https://www.instagram.com/spaces_india/', 'youtube': 'https://www.youtube.com/@SPACESIndia'}",home,spaces,https://spaces.in/cdn/shop/files/SPACES_-_Your_space_Your_comfort_1_1.jpg?v=1756733949&width=600,gujarat,True,True,True,True,True,True,True,True
https://clensta.com,"['ecomm@floridabeautylabs.com', 'clensta@floridabeautylabs.com']",['+919311448477'],"{'facebook': 'https://www.facebook.com/Clensta/', 'twitter': 'https://twitter.com/buyclensta', 'youtube': 'https://www.youtube.com/c/Clensta', 'instagram': 'https://www.instagram.com/goclensta', 'linkedin': 'https://www.linkedin.com/company/clensta'}",wellness,"Clensta is India's 1st Personal Care Brand Infused with the Goodness of Nature & Backed by Technology. Explore Top selling skin, hair & Wellness products only at www.clensta.com",https://clensta.com/cdn/shop/files/Clensta_Logo_variations-02_200_bc6a6411-6bd0-476f-8677-6af406f22020_230x.png?v=1672747071,delhi,True,True,True,True,True,True,True,True
https://mothersparsh.com,"['hr@mothersparsh.com', 'info@mothersparsh.com', 'contact@mothersparsh.com', 'grievance@mothersparsh.com']","['1800-121-3694', '+919817700876']","{'twitter': 'https://twitter.com/mothersparsh', 'facebook': 'https://www.facebook.com/motherssparsh/', 'instagram': 'https://www.instagram.com/mothersparsh/', 'youtube': 'https://www.youtube.com/channel/UCBqbyKjUk5GYzwkDLvQBcBQ', 'linkedin': 'https://www.linkedin.com/company/mother-sparsh/'}",wellness,"Shop Mother Sparsh baby care — wipes, lotions, soaps, washes & more made with coconut, oatmeal & calendula. Free of harsh chemicals. Gentle enough for day 1",https://mothersparsh.com/cdn/shop/files/new_logo_e3f4d18e-a9c0-43d9-b91a-5a1c154b1b93_1.png?v=1734756103&width=600,,True,True,True,True,True,True,False,True
https://vedix.com,['support@vedix.com'],,{'x': 'mailto:support@vedix.com'},skincare,"Vedix products comprise customized hair care, skincare & immunity products formulated by Ayurvedic doctors for your unique doshas. Take Dosha Quiz now!",,telangana,True,False,True,True,True,False,True,True
https://minniesworld.in,['support@minniesworld.in'],['+917499694638'],{'instagram': 'https://www.instagram.com/minniesworld.in?igsh=MWw0MjZpeTdvODJ4ag=='},,"Shop personalised clothes, T-shirt, denim jackets, co-ord sets, sunglasses, caps & jewelleries for kids at Minnie's World. Handcrafted, safe & made with love.",https://minniesworld.in/cdn/shop/files/minniesworld.in_Video_2.png?v=1755784833&width=600,maharashtra,True,True,True,False,True,True,True,True
https://yuvorajewels.com,['contact@yuvorajewels.com'],['+919781761315'],"{'facebook': 'https://www.facebook.com/yuvorajewels', 'instagram': 'https://www.instagram.com/yuvorajewels', 'youtube': 'https://www.youtube.com/@yuvorajewels', 'linkedin': 'https://www.linkedin.com/company/yuvorajewels'}",jewelry,"Explore 1,000+ Gold & Diamond Nose Pins and Nose Rings, crafted in 14K & 18K BIS Hallmarked Gold. Enjoy fast shipping, worldwide delivery, and a 15-day money-back guarantee.",https://yuvora.com/cdn/shop/files/yuvora_logo.png?v=1788436633&width=680,kerala,True,True,True,True,True,True,True,True
https://drinkbeyond.co.in,['help@drinkbeyond.co.in'],,,health,"Refreshingly awesome drops of happiness that transform water into an energizing drink. Made with all natural ingredients, vegan & sugar-free.",,west bengal,True,False,False,True,True,False,True,True
https://greenprotein.co.in,['info@greenprotein.co.in'],['+918591064561'],"{'facebook': 'https://www.facebook.com/greenproteinofficial/', 'instagram': 'https://www.instagram.com/greenproteinofficial/?hl=en', 'youtube': 'https://www.youtube.com/@GreenProtein'}",health,"Green Protein offers a range of delicious, 100% plant-based, vegan-friendly protein products. Ideal for fitness enthusiasts and those seeking a healthy lifestyle.",https://greenprotein.co.in/cdn/shop/files/greenprotein_logo_fill_240x.png?v=1711692403,,True,True,True,True,True,True,False,False
https://soultree.in,"['international@soultree.in', 'wecare@soultree.in']",['+919711386545'],"{'facebook': 'https://www.facebook.com/Soultree.in', 'instagram': 'https://www.instagram.com/soultree.in/', 'youtube': 'https://www.youtube.com/c/SoultreeIndia', 'linkedin': 'https://www.linkedin.com/company/soultree/posts/?feedView=all'}",beauty,"Soultree - India's best ayurvedic & natural beauty products store online. We offer organic products for skin, hair & body care. Buy Now!",https://www.soultree.in/cdn/shop/t/146/assets/blank_1x1.gif?v=50849316544257392421755013129,delhi,True,True,True,True,True,True,True,True
https://o3plus.com,"['vcare@o3plus.com', 'info@o3plus.com', 'hrd@o3plus.com']","['1800-200-6575', '+919212031465']","{'facebook': 'https://www.facebook.com/o3plus/', 'instagram': 'https://www.instagram.com/o3plusworld/', 'youtube': 'https://www.youtube.com/o3plusworld'}",skincare,O3+ Official Site. Dermatologist Approved brand for Brightening Skin Care Solutions Online With Best Price. COD Available @999 Per Order & Free Shipping @600.,https://www.o3plus.com/cdn/shop/files/logo-h-100_600x.png?v=1685533339,delhi,True,True,True,True,True,True,True,True
https://growathleisure.com,"['growathleisure@gmail.com', 'Support@growathleisure.com']",['+916398131434'],{'instagram': 'https://www.instagram.com/p/DHDyJlgyQ9M/?utm_source=ig_web_copy_link&igsh=cG9kcHExaTBnZTcx'},clothing,"GROW Athleisure was created to solve a problem that we all shared. After years of researching, designing and prototyping, we partnered with industry leaders to create the most versatile and highest-performing clothing that’s made specifically for workouts and everyday life. Our purpose is to create simple, high-performance clothing that is versatile enough for any occasion.",https://growathleisure.com/cdn/shop/files/Logo-black.png?v=1749220789&width=260,uttar pradesh,True,True,True,True,True,True,True,True
https://hardollenterprises.com,['contact@hardollenterprises.com'],['+919846330340'],"{'facebook': 'https://www.facebook.com/hardollenterprises', 'twitter': 'https://twitter.com/HardollEnterpr1', 'instagram': 'https://www.instagram.com/hardollsolarlights/', 'youtube': 'https://www.youtube.com/channel/UCPTh05yzYnpIZAEuigCkMaQ'}",home,"Shop Hardoll solar lamps - garden, street, flood, motion sensor, and pillar. LiFePO4 battery, Up to 5-year warranty. Free shipping all over India. Since 2016.",https://cdn.shopify.com/s/files/1/0405/5747/8041/files/Hardoll_Logo.png?v=1775030637,kerala,True,True,True,True,True,True,True,True
https://vahdam.in,"['bala@vahdam.com', 'help@vahdam.com']",,"{'instagram': 'https://www.instagram.com/vahdamindia/', 'facebook': 'https://www.facebook.com/vahdamindia', 'linkedin': 'https://www.linkedin.com/company/vahdam-teas/', 'x': 'https://x.com/balasard'}",wellness,"Explore VAHDAM® India's extensive range of Indian loose leaf teas & tea bags, including organic handpicked Green teas, Black teas, Oolong and more. Try our Curcumin, Moringa, and other supplements for a natural wellness boost every day!",https://www.vahdam.in/cdn/shop/files/Vahdam_logo.png?v=1775472979&width=280,delhi,True,False,True,True,True,True,True,True
https://trulydesi.in,['info@karagyafoods.com'],['+919750346346'],"{'facebook': 'https://www.facebook.com/Trulydesi1', 'instagram': 'https://www.instagram.com/trulydesi.in/', 'youtube': 'https://www.youtube.com/@trulydesi-'}",health,"Farm-fresh Gir cow milk, dahi, ghee & more delivered to your door before 7 AM daily. 100% natural, hormone-free dairy from Truly Desi.",https://www.trulydesi.in/cdn/shop/files/truly_desi.png?v=1762835829&width=600,maharashtra,True,True,True,True,True,True,True,False
https://cartpotato.com,,['+919814820845'],"{'linkedin': 'https://www.linkedin.com/company/cart-potato/', 'instagram': 'https://www.instagram.com/cart.potato/', 'youtube': 'https://www.youtube.com/@cart.potato/'}",clothing,"Cart Potato is a globally trusted Shopify agency specialising in conversion rate optimization to help brands grow, perform & sell more online.",https://cartpotato.com/wp-content/uploads/2023/09/wht-logo.webp,punjab,False,True,True,True,True,True,True,True
https://floralboutique.in,['support@floralboutique.in'],['+918884160602'],"{'facebook': 'https://www.facebook.com/people/Floral-Boutique/61558410733567/', 'x': 'https://x.com/FloralBout89301', 'instagram': 'https://www.instagram.com/floralboutique.in?igsh=MTdnMzdiM21pMjl3YQ%3D%3D', 'youtube': 'https://www.youtube.com/@floralboutiqueindia', 'linkedin': 'https://www.linkedin.com/in/floral-boutique-9957b7314/'}",beauty,Floral Boutique,https://floralboutique.in/cdn/shop/files/Floral_Boutique_new_logo.webp?v=1774016542&width=139,karnataka,True,True,True,True,True,True,True,True
https://bellavitaorganic.com,"['shop@bellavitaorganic.com', 'shop@bellavitaorganic.com.']","['+919810154380', '+917899209461']","{'facebook': 'https://www.facebook.com/bellavitaorganic', 'twitter': 'https://twitter.com/bellavita_org?s=08', 'instagram': 'https://www.instagram.com/bellavita.official', 'youtube': 'https://www.youtube.com/c/BellaVitaOrganicIndia'}",beauty,"Discover Bellavita Organic's premium perfumes, skincare and beauty products. Shop bestselling fragrances, gift sets and more at great prices.",https://bellavitaorganic.com/cdn/shop/files/bellavita_brand_logo.png?v=7855943402980023805,maharashtra,True,True,True,True,True,True,True,True
https://kauraindia.com,['care@kauraindia.com'],['+918450055068'],"{'instagram': 'https://www.instagram.com/kauraindia?utm_source=ig_web_button_share_sheet&igsh=ZDNlZDc0MzIxNw==', 'youtube': 'https://youtube.com/@kauraindia?si=jrl68Em7FxOJ7cxm'}",home,"Discover small-batch bath care with real essential oils. Aromatherapy soaps and body care crafted to calm the mind, body & soul naturally.",https://kauraindia.com/cdn/shop/files/KAURA_1.svg?v=1767607183&width=600,,True,True,True,True,True,True,False,False
https://supertails.com,['support@supertails.com'],"['+919187711456', '1800-572-3575']","{'instagram': 'https://www.instagram.com/supertails.official/', 'facebook': 'https://www.facebook.com/supertails.official/', 'youtube': 'https://www.youtube.com/@supertails_', 'twitter': 'https://twitter.com/supertails_ind', 'linkedin': 'https://www.linkedin.com/company/supertails/'}",health,Best pet store in India with top brands of pet supplies. Buy all pet essentials like cat and dog products. ✓Best prices ✓Fast delivery ✓Easy Returns.,,karnataka,True,True,True,True,True,False,True,True
https://kayjaybykritika.com,['kayjaybykj@gmail.com'],['+919090900023'],"{'facebook': 'https://www.facebook.com/kayjaybykritika.in/', 'instagram': 'https://www.instagram.com/kayjaybykritika/'}",clothing,"Shop Premium dresses, gowns, co-ords, jumpsuits, ethnic wear & more at Kayjay. Made to order & customisable, as worn by celebrities. COD across India.",https://www.kayjaybykritika.com/cdn/shop/files/KAYJAY-Logo-1.png?v=1676857291&width=270,delhi,True,True,True,True,True,True,True,False
https://lylablanc.in,['customer.service@lylablanc.com'],['+916262326262'],"{'facebook': 'https://www.facebook.com/LylaBlanc/', 'twitter': 'https://twitter.com/lylablanc', 'instagram': 'https://www.instagram.com/lylablanc/', 'youtube': 'https://www.youtube.com/channel/UC0V5eHGF3wW6jptewXlO9UA'}",beauty,"Explore Lyla Blanc's long-lasting, premium fragrances for men and women. Shop designer perfumes, natural deodorants, and unique attars at affordable prices.",https://shopify-push-notification.s3.amazonaws.com/production/6690e6ba41896942e4338755/logo/b4185aea5158b2351fe0fb69ae4fac5da4f87c7ab2de3cf53556b0e3d2332cfe1720772377584.png,,True,True,True,True,True,True,False,True
https://babyforest.in,"['info@babyforest.in', 'care@babyforest.in']",['1800-202-3102'],"{'facebook': 'https://facebook.com/babyforestayurveda', 'instagram': 'https://instagram.com/babyforestayurveda', 'youtube': 'https://www.youtube.com/channel/UCsTDFmYpBICfsJADSbKE72Q'}",skincare,"Explore Baby Forest's range of organic baby care products made with Ayurvedic ingredients. From skincare to feeding essentials, nurture your baby naturally",https://www.babyforest.in/cdn/shop/files/babyforest-logo_90x63.png?v=1657621604,uttar pradesh,True,True,True,True,True,True,True,False
https://shopforaurelia.com,"['career@shopforaurelia.net', 'Sales@shopforaurelia.net', 'customercare.tcns@abfrl.adityabirla.com']","['+918796121632', '+917840041638']","{'facebook': 'https://www.facebook.com/aureliawoman/', 'instagram': 'https://www.instagram.com/aurelia_womenswear/', 'twitter': 'https://twitter.com/Aureliawoman1'}",home,"Discover Aurelia's New Festive Collection of kurtas, sets, dresses, & bottom wear. COD, Easy Returns, and Pan-India delivery. Shop now for exclusive styles!",https://shopforaurelia.com/cdn/shop/files/Aurelia_Approved_Logo-02_1.png?height=68&v=1756206855,delhi,True,True,True,True,True,True,True,True
https://nutraj.com,['customercare@nutraj.com'],"['+918882435137', '+919971095414']","{'facebook': 'https://www.facebook.com/NutrajIndia', 'instagram': 'https://www.instagram.com/nutrajindia/', 'linkedin': 'https://www.linkedin.com/company/v-k-c-nuts-pvt-ltd/', 'youtube': 'https://www.youtube.com/@NutrajIndia', 'twitter': '//twitter.com/share?url='}",health,"Buy Premium Quality Nuts & Dry Fruits online at Nutraj – India’s Trusted Store for Fresh Nuts, Dried Fruits, Seeds, Berries, and Exotic Nuts. Save up to 50% Off, Free Shipping, Cash on Delivery, Pan India Delivery.",https://www.nutraj.com/cdn/shop/files/Group_39_268x102.png?v=1676363353,delhi,True,True,True,True,True,True,True,True
https://rdserviceonline.com,"['raj.meher@ps-idemia.com', 'support@rdserviceonline.com']",,,home,RD service addresses the solution to eliminate the use of stored biometrics on morpho devices .RD service online website ensures registration and whitelisting,https://rdserviceonline.com/cdn/shop/files/rd_ser_logo_268eb214-538a-4dfa-9a77-617077fbd32a_x32.png?v=1613516588,uttar pradesh,True,False,False,True,True,True,True,True
https://roohamerindia.com,['roohamerindia@gmail.com'],['+919950510448'],"{'facebook': 'https://www.facebook.com/roohjaipur?mibextid=LQQJ4d', 'instagram': 'https://www.instagram.com/rooh.amer/?igshid=MzRlODBiNWFlZA%3D%3D'}",beauty,"Experience soulful luxury with Rooh Amer — 100% alcohol-free, fine Indian perfumes for men & women handcrafted by natural ingredients . Fragrances inspired by the opulence of Indian royalty. Trusted by 10k+ perfume enthusiasts.",https://www.roohamerindia.com/cdn/shop/files/rooh-logo-1.png?v=1778588352,tamil nadu,True,True,True,True,True,True,True,True
https://organictattva.com,"['hr@organictattva.com', 'customersupport@organictattva.com']",,"{'facebook': 'https://www.facebook.com/OrganicTattva', 'instagram': 'https://www.instagram.com/organictattva/', 'youtube': 'https://youtube.com/@organictattva2013?si=a0wH6LFBf3GrJQ3X', 'linkedin': 'https://www.linkedin.com/company/organictattva/'}",health,"Discover a wide range of fresh, healthy, and sustainably grown organic food products. Shop with confidence for nutritious, eco-friendly options that support your well-being and the planet from Organic Tattva",https://organictattva.com/cdn/shop/files/OT_d09a8d6d-20fd-4ad9-8fc4-51742b37eaa2.png?v=1748064724&width=872,maharashtra,True,False,True,True,True,True,True,True
https://imagimake.com,['possibilities@imagimake.com'],['+919819788014'],"{'instagram': 'https://www.instagram.com/imagimake/', 'facebook': 'https://www.facebook.com/Imagimake/', 'youtube': 'https://www.youtube.com/c/imagimakePlaySolutions', 'twitter': 'https://twitter.com/imagimake'}",home,"As seen on Shark Tank & loved by the Sharks Imagimake offers an exciting range of Educational Toys, Art & Craft Kits & Learning Aids for children aged 3 months and above. Our innovative range aims to deliver holistic creative & cognitive development for young minds. We are available in more than 20 countries!",https://imagimake.com/cdn/shop/files/Imagimake_logo_for_Website_90x.png?v=1659595396,,True,True,True,True,True,True,False,True
https://wearcomet.com,"['bulkorders@wearcomet.com', 'hello@wearcomet.com', 'partnerships@wearcomet.com']",['+919606081463'],"{'instagram': 'https://www.instagram.com/thecometuniverse/', 'linkedin': 'https://www.linkedin.com/company/thecometuniverse/'}",home,Comet is India's homegrown sneaker brand – bold unisex sneakers in 20+ colourways for men & women. Free delivery & easy returns. Trusted by 4 lakh+ customers,https://www.wearcomet.com/cdn/shop/files/logo.png?v=1725973753&width=140,karnataka,True,True,True,True,True,True,True,True
https://laviere.in,,,"{'instagram': 'https://www.instagram.com/p/DIgWWQJSkYN/', 'facebook': 'https://www.facebook.com/profile.php?id=61560390716667'}",health,"Discover Korean-inspired skincare made for Indian skin. Explore Laviere's marine-powered cleansers, serums, moisturisers and skincare routines for hydrated, healthy-looking skin.",https://laviere.in/cdn/shop/files/laviere.png?v=1755298636&width=250,,False,False,True,True,True,True,False,True
https://laarhea.com,['support@laarhea.com'],['+919211733001'],"{'facebook': 'https://www.facebook.com/shopify', 'twitter': 'https://twitter.com/shopify', 'instagram': 'https://www.instagram.com/la_arhea/', 'youtube': 'https://www.youtube.com/user/shopify'}",beauty,La Arhea,https://laarhea.com/cdn/shop/files/4.gif?v=1767111269&width=1080,haryana,True,True,True,True,True,True,True,True
https://mendeserve.com,['support@mendeserve.com'],['+918401010112'],"{'twitter': 'https://twitter.com/men_deserve/', 'facebook': 'https://www.facebook.com/MenDeserveOfficial/', 'instagram': 'https://www.instagram.com/men_deserve/', 'youtube': 'https://www.youtube.com/c/Mendeserveofficial/'}",health,"India's #1 store for premium Grooming products for Men available Online. Explore wide range of Hair care, Beard care & Facial care products ✅Natural ingredients",https://mendeserve.com/cdn/shop/files/logo_250x.png?v=1652550219,gujarat,True,True,True,True,True,True,True,True
https://gazillion.in,['connect@gazillion.in'],['+919769164691'],"{'instagram': 'https://www.instagram.com/gazillion.in/', 'linkedin': 'https://www.linkedin.com/company/gazilliondotin/', 'facebook': 'https://facebook.com/gazillion.in'}",clothing,"If you are looking for classy, dignified and fashion-forward styles to wear to work, then Gazillion is your Brand. The collections have a global aesthetic, unquestionable quality and understated elegance. Gazillion brings back the old-money, chic looks for the working woman beyond her reckless twenties. #QuietPower",https://www.gazillion.in/cdn/shop/files/wewbsite_gazillion_logo_d543c69f-c9c0-4369-bd01-dfa66cd71d42.png?v=1778666862&width=500,maharashtra,True,True,True,True,True,True,True,True
https://above40.com,"['evergreen@above40.com', '.@above40.effortlesslyageless']",['+919903584301'],"{'facebook': 'https://www.facebook.com/share/1DGnVjXTLW/', 'instagram': 'https://www.instagram.com/above40.effortlesslyageless/', 'youtube': 'https://www.youtube.com/@above40-EffortlesslyAgeless'}",skincare,"Shop premium anti-ageing skincare and cosmetics in India with N Cosmetics. Expert solutions for wrinkles, fine lines, pigmentation, and youthful glowing skin. Trusted anti-ageing specialist.",https://above40.com/cdn/shop/files/A40_PNG_LOGO_HD_copy_561254cf-ae2c-465a-aeec-85ba2cbb37fd.png?v=1788600193&width=170,,True,True,True,True,True,True,False,True
https://shopdaisie.in,"['Team@shopdaisie.in', 'TEAM@SHOPDAISIE.IN']",,"{'facebook': 'https://www.facebook.com/shopify', 'twitter': 'https://twitter.com/shopify', 'instagram': 'https://instagram.com/shopify', 'youtube': 'https://www.youtube.com/user/shopify'}",home,𝐁𝐞 𝐚 𝐃𝐀𝐈𝐒𝐈𝐄 𝐢𝐧 𝐚 𝐟𝐢𝐞𝐥𝐝 𝐨𝐟 𝐃𝐚𝐧𝐝𝐞𝐥𝐢𝐨𝐧𝐬🌼 PETA- approved Vegan footwear for the modern & conscious women. Vegan | Handcrafted | Homegrown | Cushioned,https://www.shopdaisie.in/cdn/shop/files/4BCC6D57-1604-4681-92C6-20B78895AE41.jpeg?v=1613731185&width=200,,True,False,True,True,True,True,False,True
https://zebba.co.in,['info@zebba.co.in'],,"{'facebook': 'https://www.facebook.com/Zebbashoes', 'instagram': 'https://www.instagram.com/zebbashoes/'}",beauty,Shop your favorite Zebba shoes,https://zebba.co.in/cdn/shop/files/Logo-black_4b5174b4-9927-4979-bfb3-00e22289f3f4.png?v=1657474470&width=680,,True,False,True,True,True,True,False,True
https://clickoncare.com,"['contact@clickoncare.com', 'Grievanceofficer@clickoncare.com']",['+917204342233'],"{'twitter': 'https://www.twitter.com/clickoncare/', 'facebook': 'https://www.facebook.com/clickoncare/', 'instagram': 'https://www.instagram.com/clickoncare/', 'youtube': 'https://www.youtube.com/clickoncare'}",health,"ClickOnCare based out of Bangalore, India provides doorstep delivery of Nutrition, Skin & Hair Care Products since 2013.",https://www.clickoncare.com/cdn/shop/files/coc_512.png?v=1683519914&width=600,karnataka,True,True,True,True,True,True,True,True
https://byshree.com,['support@byshree.com'],"['+917827000200', '+917827990062']","{'facebook': 'https://www.facebook.com/shreeisspecial', 'instagram': 'https://www.instagram.com/shreeisspecial', 'youtube': 'https://www.youtube.com/@ShreeSheisSpecial'}",clothing,"Online Clothes Shopping at Shree. Shop for Women’s Clothing Online, latest Ethnic Wear at the Best Online Shopping Site. Free Shipping, Cash on Delivery.",https://byshree.com/cdn/shop/files/Transprent_Yellow_logo.png?v=1727437556&width=3011,delhi,True,True,True,True,True,True,True,True
https://pngjewellers.com,['customerservice@pngadgil.com'],['1800-233-5005'],"{'x': 'https://x.com/pngjewellers', 'facebook': 'https://www.facebook.com/PNGJewelers', 'instagram': 'https://www.instagram.com/pngjewellers/', 'youtube': 'https://www.youtube.com/user/PNGGadgilJewellers', 'linkedin': 'https://in.linkedin.com/company/pngjewellers'}",,"Explore exceptional traditional designs & craftsmanship. Buy best gold & diamond jewellery for every occasion. Check out our necklaces, bangles, rings, earrings & more!",https://www.pngjewellers.com/cdn/shop/files/Frame_193_1.png?v=1774582683&width=240,maharashtra,True,True,True,False,True,True,True,True
https://rasluxuryoils.com,['care@rasluxuryoils.com'],['+919329773003'],"{'facebook': 'https://www.facebook.com/rasluxuryoilsfb/', 'twitter': 'https://mobile.twitter.com/rasluxuryoils', 'instagram': 'https://www.instagram.com/rasluxuryoils/', 'youtube': 'https://www.youtube.com/@Rasluxuryskincare', 'linkedin': 'https://www.linkedin.com/company/rasluxuryoils/'}",beauty,100% natural & Organic Skin Care. RAS Luxury Oils is an integration of ancient Ayurvedic practices eminent in Indian Culture and Scientific Research and development,https://www.rasluxuryoils.com/cdn/shop/files/RAS_PNG.png?v=1688641437&width=90,,True,True,True,True,True,True,False,True
https://royaltail.in,['care@royaltail.in'],['+916356678436'],"{'instagram': 'https://www.instagram.com/royaltail/', 'facebook': 'https://www.facebook.com/royaltailstore', 'youtube': 'https://www.youtube.com/channel/UCalsVSlRW9dyZg4eLaFWUoQ', 'twitter': 'https://twitter.com/RoyaltailStore'}",clothing,"One Stop Store for All Designer Clothing, Hoodies, and Sunglasses for Men's and Women At Royaltail, we believe in quality and affordances, fashion. Purchase Now! For Information Visit our Online Store",https://royaltail.in/cdn/shop/t/17/assets/logo.png?v=4508,,True,True,True,True,True,True,False,True
https://sajedalehry.com,['info@sajedalehry.com'],"['+919619417148', '+919152703314']","{'facebook': 'https://www.facebook.com/sajelehrydesignstudios', 'instagram': 'https://www.instagram.com/sajedalehry/'}",decor,"Discover Sajeda Lehry's luxury designer wear. Shop lightweight, hand-drawn printed kaftans, lehengas, and co-ords for your next big moment. Ships globally!",https://www.sajedalehry.com/cdn/shop/files/Sajeda_1.png?height=47&v=1717149418,maharashtra,True,True,True,True,True,True,True,True
https://tilassa.com,"['connect@nornament.com', 'contact@tilassa.com']","['+917400033335', '+918369540170']","{'facebook': 'https://www.facebook.com/share/hpDFmdAcXxrwDjgu/?mibextid=LQQJ4d', 'instagram': 'https://www.instagram.com/tilassa.co', 'youtube': 'https://www.youtube.com/@tilassaindia', 'linkedin': 'https://www.linkedin.com/company/tilassa'}",jewelry,"Tilassa creates modern gold-plated jewellery designed to be worn often, not saved for occasions. Our earrings, necklaces and rings are made for daily life - work days, travel, dinners and everything in between. We use brass and high-grade stainless steel bases finished with 14k–18k gold plating to achieve a warm tone.",https://tilassa.com/cdn/shop/files/Tilassa_New.svg?v=1771561964&width=1363,,True,True,True,True,True,True,False,True
https://crawlapps.com,['hello@crawlapps.com'],['+919998579402'],"{'facebook': 'https://www.facebook.com/crawlapps/', 'instagram': 'https://www.instagram.com/crawlapps_/', 'linkedin': 'https://www.linkedin.com/company/crawlapps/', 'x': 'https://x.com/crawlapps'}",health,Crawlapps is a certified Shopify Plus Partner & Shopify agency with 200+ ecommerce website development projects delivered to help brands sell more online today.,https://crawlapps.com/cdn/shop/files/Logo.svg?v=1749116165&width=600,,True,True,True,True,True,True,False,True
https://bummer.in,['hello@bummer.in'],,{'instagram': 'https://www.instagram.com/bummer.in/'},apparel,Ultra Soft and Most comfortable Underwear For Men and Women in India. Printed colorful Range at Best Price. As Seen on Shark Tank India! Free Shipping. Free COD. Express Delivery. Shop Now!,https://bummer.in/cdn/shop/files/logo.svg?height=27&v=1759488355,,True,False,True,True,True,True,False,True
https://banaavindia.com,['example@company.com'],['+919689316948'],"{'instagram': 'https://www.instagram.com/banaav.india/', 'facebook': 'https://www.facebook.com/banaav.india/'}",home,"Discover personalized kids accessories at Banaav. From custom name pillows & soft bedding to kids travel bags & organizers, find thoughtfully made items for your little ones.",https://banaavindia.com/cdn/shop/files/Logo-png_c4d91513-8185-44a3-8230-660bd41e5acf.png?v=1676372077\u0026width=500,,True,True,True,True,True,True,False,True
https://ofypets.com,['support@ofypets.com'],,"{'facebook': 'https://www.facebook.com/ofypets/', 'instagram': 'https://www.instagram.com/ofypets/', 'youtube': 'https://www.youtube.com/@ofypets5122'}",health,"One Stop Shop for High quality Pet Nutrition, Pet Supplies, Pet Grooming & Veterinary Services. Great Offers, Free & Fast Shipping with Cash On Delivery",https://ofypets.com/cdn/shop/files/Ofypets_Logo_2_2_-4_400x160.png?v=1693727181,tamil nadu,True,False,True,True,True,True,True,True
https://dopamineshop.in,['customercare@dopamineshop.in'],,"{'instagram': 'https://instagram.com/dopamineshop.in', 'facebook': 'https://facebook.com/dopamineshop.in', 'youtube': 'https://www.youtube.com/channel/UCpX8iubntttvb3FGn0updDQ'}",,Buy premium perfumes online in India at Dopamine Shop. Explore luxury fragrances at unbeatable prices. Find your signature scent today with fast delivery!,https://dopamineshop.in/cdn/shop/files/Logo_for_Website_Header_copy_312c7947-de35-4116-ab0d-eff6c3c082f4_290x@2x.jpg?v=1655196914,,True,False,True,False,True,True,False,False
https://ayudaorganics.com,"['2026@Ayudaorganics.com', 'info@ayudaorganics.com']","['+919909367447', '+919227152247', '+918460018605', '+917016900830', '+919484802383', '+919484671266', '+919033677951', '+918460052546', '+919484790033', '+919697100800', '+919409939590', '+919227199919', '+919328864359', '+919979162902', '+916351339626', '+919998967732']",,beauty,Customer-Trusted Selections,,gujarat,True,True,False,True,True,False,True,True
https://mydesignation.com,['care@mydesignation.com'],"['+918891483888', '+918330076677']","{'facebook': 'https://www.facebook.com/mydesignationofficial/', 'instagram': 'https://www.instagram.com/mydesignationofficial/?hl=en', 'linkedin': 'https://www.linkedin.com/company/mydesignation/mycompany/', 'youtube': 'https://www.youtube.com/channel/UCtb2ioX_CyGNtwHBTUNVVRA'}",clothing,"MyDesignation offers a wide variety of stylish and comfortable fashion clothing for men including shirts, t-shirts, hoodies, jackets, and more",https://www.mydesignation.com/cdn/shop/files/logo-type-black_69abd3c2-ddd1-48c3-a459-48c9ee2f4723.png?height=72&v=1728281205,karnataka,True,True,True,True,True,True,True,True
https://maioradiamonds.in,,"['+919725332266', '+919725960266']","{'facebook': 'https://www.facebook.com/Maioradiamonds/', 'instagram': 'https://www.instagram.com/maioradiamonds/', 'youtube': 'https://www.youtube.com/@maioradiamonds2135'}",beauty,"Buy Lab Grown Diamond jewellery with 15 days money back, lifetime warranty, lifetime exchange & buyback, and 100% certified free shipping at Maiora Diamonds.",https://maioradiamonds.in/cdn/shop/files/Icon.png?v=1777279082&width=105,gujarat,False,True,True,True,True,True,True,True
https://bodybasics.in,['feedback@bodybasics.in'],['+917757049920'],"{'facebook': 'https://www.facebook.com/BodyBasicsIndia', 'youtube': 'https://www.youtube.com/c/BodyBasicsStore', 'instagram': 'https://www.instagram.com/bodybasicsindia/', 'x': 'https://x.com/BodyBasicsStore', 'linkedin': 'https://www.linkedin.com/company/body-basics-retail-private-limited'}",,"Shop Online for Premium Innerwear - Bra, Panties, Camisole, Brief, Trunk, Vest & Boxer Shorts. Sportswear & Activewear - T-Shirts, Shorts, Track Pant, Capri, Tights & Sports Bra. Athleisure - Joggers, Jackets & Muscle Tee. Leisurewear - Pyjama, Bermuda & Cotton T-Shirts. Accessories like Socks, Handkerchief, Towel.",https://bodybasics.in/cdn/shop/files/BODY_BASICS_LOGO.png?v=1614743361&width=460,maharashtra,True,True,True,False,True,True,True,False
https://freecultr.com,['hola@freecultr.com'],['+919818187606'],"{'instagram': 'https://www.instagram.com/freecultr?igsh=MXJhdW9sc3l0OHJrMg==', 'facebook': 'https://www.facebook.com/freecultr', 'twitter': 'https://twitter.com/freecultr', 'youtube': 'https://www.youtube.com/@freecultr623/shorts?sub_confirmation=1', 'linkedin': 'https://www.linkedin.com/company/freecultr/'}",apparel,"Discover Freecultr’s premium Micro-Modal innerwear, sustainable essentials, and comfort-first apparel for men & women. Ultra-soft, anti-chafe, and crafted for all-day performance.",https://freecultr.com/cdn/shop/files/Group_105_380x.svg?v=1675761134,,True,True,True,True,True,True,False,True
https://aroopshop.com,['Contact@aroopshop.com'],['+919352349392'],{'instagram': 'https://www.instagram.com/aroopindia/'},clothing,"The label stands for fashion that’s rooted, timeless, and speaks of quality craftsmanship. AROOP celebrates the art of dressing – it denotes ‘extremely beautiful’ in Sanskrit.",https://aroopshop.com/files/ChatGPT_Image_May_27_2026_at_10_36_26_PM.png,,True,True,True,True,True,True,False,True
https://folello.com,['support@folello.com'],['+919999410280'],"{'facebook': 'https://www.facebook.com/share/1CtNqURRK2/', 'instagram': 'https://www.instagram.com/folello?igsh=cTV1cGxndHgxYjV5'}",beauty,"Check online latest salon tools and equipment in India at FOLELLO. Shop best quality salon products, salon tools online, and salon tools and equipment in India.",https://www.folello.com/cdn/shop/files/folello_black.png?v=1785746422&width=600,karnataka,True,True,True,True,True,True,True,True
https://anywaysnacks.com,['info@anywaysnacks.com'],['+917073349142'],"{'instagram': 'https://www.instagram.com/anyway.snacks/', 'linkedin': 'https://www.linkedin.com/company/anyway-snacks/posts/?feedView=all', 'facebook': 'https://www.facebook.com/profile.php?id=61566993761166'}",home,"Bold Indian snacks — Frisbee, Kachori Bites, Miracle Pops. Taste that surprises, ingredients that surprise more. No maida, no palm oil.",https://www.anywaysnacks.com/cdn/shop/files/Anyway_logo_red.svg?v=1768482139&width=600,,True,True,True,True,True,True,False,True
https://kalkifashion.com,['info@kalkifashion.com'],['+919920012474'],"{'instagram': 'https://www.instagram.com/kalkifashion', 'facebook': 'https://www.facebook.com/kalkifashion', 'youtube': 'https://www.youtube.com/kalkifashion', 'twitter': 'https://twitter.com/kalkifashion'}",clothing,"Shop traditional Indian clothing & wedding dress for men, women & kids at KALKI Fashion. Explore Indian clothes with custom fitting, free shipping & easy returns across USA.","https://ik.imagekit.io/4sjmoqtje/kalki-usa/tr:w-180,c-at_max/cdn/shop/files/Logo_Kalki.svg?v=1753506787",karnataka,True,True,True,True,True,True,True,True
https://leafstudios.in,['support@leafstudios.in'],['+917303657827'],"{'facebook': 'https://www.facebook.com/leafstudiosofficial/', 'twitter': 'https://twitter.com/leafstudiosin', 'instagram': 'https://instagram.com/leaf.studios/', 'youtube': 'https://www.youtube.com/channel/UCXGy4Q7GAYTXmVUWtIrHP6g'}",home,"Leaf Headphones, Earbuds, IEM, Speakers, Magsafe Powerbanks- We make tech products that help you go DND. Free shipping, 1 year warranty, 10 day easy returns. Cash on Delivery available",https://www.leafstudios.in/cdn/shop/files/new-logo-website.png?v=1788334952,,True,True,True,True,True,True,False,True
https://fabelle.in,['itccares@itc.in'],['1800-425-444'],"{'x': 'https://x.com/Fabelle', 'youtube': 'https://www.youtube.com/c/FabelleExquisiteChocolates', 'instagram': 'https://www.instagram.com/fabellechocolates/', 'facebook': 'https://www.facebook.com/FabelleChocolates/'}",home,"Discover Fabelle’s handcrafted luxury chocolates — artisanal truffles, gift hampers and signature bars. Shop premium chocolate online and in boutiques.",https://fabelle.in/cdn/shop/files/logo.svg?height=34&v=1773981216,,True,True,True,True,True,True,False,False
https://olamor.in,['hello@olamor.in'],['+919619069100'],"{'facebook': 'https://www.facebook.com/people/Olamor/61558051446997/', 'twitter': 'https://twitter.com/Olamor_mimanchi', 'instagram': 'https://www.instagram.com/olamor.in/?hl=en', 'linkedin': 'https://in.linkedin.com/company/olamor', 'youtube': 'https://youtube.com/@weareolamor'}",beauty,"Discover the Best Natural Products For Hair And Skin with Olamor, offering gentle, effective, and chemical-free beauty solutions.",https://olamor.in/cdn/shop/files/Golden_Logo_Crown_in_left_4_0d18bb4e-eb8f-450e-92e3-adb07b4ebb6c.jpg?height=44&v=1770634541,maharashtra,True,True,True,True,True,True,True,False
https://fizzygoblet.com,"['vidhya@fizzygoblet.com', 'info@fizzygoblet.com', 'rumana@fizzygoblet.com.']","['+917892820321', '+919324959680', '+918287306357', '+917795378173', '+919041608336', '+919920720239', '+917715810514', '+919398603497', '+918971145497', '+918688957319', '+919137670169', '+918368622805', '+918712372689', '+919871050384', '+918446801853']","{'instagram': 'https://www.instagram.com/fizzygoblet/', 'facebook': 'https://www.facebook.com/fizzygoblet'}",beauty,"Explore handcrafted footwear and bags at Fizzy Goblet. Shop designer ethnic juttis, mojaris, and loafers for women, men, and kids, blending style with comfort.",https://cdn.shopify.com/s/files/1/0215/3436/files/Logo_150x150_492fa74a-9127-40a2-9ac4-df8681b31398_500x.png,karnataka,True,True,True,True,True,True,True,True
https://milletamma.com,['eatright@milletamma.com'],['+917624979333'],"{'youtube': 'https://www.youtube.com/@milletamma4725/videos', 'facebook': 'https://www.facebook.com/MilletAmma/', 'twitter': 'https://twitter.com/Millet_Amma', 'instagram': 'https://www.instagram.com/milletamma/', 'linkedin': 'https://www.linkedin.com/company/72666562/'}",health,"From the heart of a home maker Millet Amma brings you the best organic millets and millet based products to manage your lifestyle and health better. We are not just a health foods company but we ensure our products are tasty, have the highest amount of millets and cater to everyone in the family",https://milletamma.com/cdn/shop/files/Millet_Amma_logo_2_115x.png?v=1632918109,karnataka,True,True,True,True,True,True,True,True
https://banjaaran.in,"['karanveer@banjaaran.in', 'studio@banjaaran.in', 'meera@banjaaran.in']",['+919999474819'],{'instagram': 'https://www.instagram.com/banjaaran'},beauty,"Banjaaran Studio is a shoe brand primarily fosuced on manufacturing and retailing handcrafted premium designer footwear for both men and women. With 100% in-house production, Banjaaran Studio offers a wide variety of footwear like slipons, sneakers, brogues and high-tops with express delivery in india. COD Available.",https://banjaaran.in/cdn/shop/files/BANJAARAN_STUDIO_1-removebg-preview.png?v=1732703260\u0026width=600,delhi,True,True,True,True,True,True,True,True
https://june9clothing.com,['contact@june9clothing.com'],['+919509575578'],"{'instagram': 'https://www.instagram.com/june9clothing/', 'facebook': 'https://www.facebook.com/people/June-9-Clothing/100091338556074/', 'youtube': 'https://www.youtube.com/@june9clothing', 'x': 'https://x.com/june9clothing'}",clothing,"June 9 Clothing offers essential Western wear for women : chic tops, shirts, Co-ord Sets, and jumpsuits.",https://june9clothing.com/cdn/shop/files/Copy_of_j9c_logo_5b736449-225d-423c-93b6-b5c528459f84.png?v=1727862034&width=200,,True,True,True,True,True,True,False,False
https://rforrabbit.com,"['affiliate@rforrabbit.com', 'sales@rforrabbit.com', 'customercare@rforrabbit.com', 'vendor@rforrabbit.com', 'socialmedia@rforrabbit.com']","['+917348349340', '+917348340934']","{'youtube': 'https://www.youtube.com/playlist?list=PLKAk2r3opfzuuYlG4RMQqTlkSAqLoPTTX', 'facebook': 'https://www.facebook.com/TheRforRabbit/', 'instagram': 'https://www.instagram.com/rforrabbitbaby/', 'linkedin': 'https://www.linkedin.com/company/r-for-rabbit/'}",clothing,"Visit us & Get the Most Innovative baby products like Baby Feather Diapers, Baby Wipes, Baby Strollers & Prams, Tricycle for Babies, Cots & Cradles, Baby Car Seat, Swing Car, Scooters, High Chairs, Baby Walkers.",https://rforrabbit.com/cdn/shop/files/website-logo-min_1_c52d3bc6-ca80-45ad-b07f-8a2da2c1c503.png?v=1686803159&width=200,gujarat,True,True,True,True,True,True,True,True
https://shopcanvas.in,['contact@shopcanvas.in'],['+918595307770'],"{'facebook': 'https://www.facebook.com/canvastheshop/', 'instagram': 'https://www.instagram.com/shopcanvas.in/', 'youtube': 'https://www.youtube.com/@CanvasOnline18'}",clothing,"CANVAS is a contemporary fashion brand known for its simplicity, sophistication, and affordability. It was established in 2018 as part of the well-known Indian luxury brand Tulsi. The brand's goal is to make luxury accessible to everyone by offering fashionable and aspirational clothing at affordable prices.",https://shopcanvas.in/cdn/shop/files/tulsi_logo2_250x.png?v=1577497132668351797,haryana,True,True,True,True,True,True,True,True
https://vanshikasakshi.com,['vanshikansakshi@gmail.com'],['+919864794219'],"{'facebook': 'https://www.facebook.com/people/Vanshika-Sakshi/61576748904874/#', 'instagram': 'https://www.instagram.com/vanshika__sakshi/', 'youtube': 'https://www.youtube.com/@vanshikansakshi'}",clothing,"Shop Co-ord Sets, Embroidered Shirts & Dresses For Women and Premium Cocktail & Casual shirts for men. Effortless, Elevated fashion — Free shipping all over India. COD available.",https://vanshikasakshi.com/cdn/shop/files/VNS_BRAND_DECK-Photoroom_1.png?height=33&v=1767109302,west bengal,True,True,True,True,True,True,True,True
https://headsupfortails.com,"['grc@headsupfortails.com', 'hello@headsupfortails.com']",,"{'youtube': 'https://www.youtube.com/shorts/0UtjhGmf3Bs', 'instagram': 'https://instagram.com/headsupfortails', 'linkedin': 'https://in.linkedin.com/company/heads-up-for-tails', 'facebook': 'https://facebook.com/headsupfortails', 'twitter': 'https://twitter.com/huftindia'}",clothing,"Discover a wide range of pet products at HUFT. Shop online or visit our 100+ retail stores across India for pet food, toys, grooming, accessories, and more",https://cdn.shopify.com/s/files/1/0086/0795/7054/files/HUFT_logo_3.png,delhi,True,False,True,True,True,True,True,True
https://molekulaire.com,,,"{'twitter': 'https://twitter.com/molekulaire', 'facebook': 'https://www.facebook.com/Molekulaire', 'instagram': 'https://www.instagram.com/molekulaire/'}",health,"Discover top recommended derma cosmetic products at Molekulaire, designed to enhance, nourish, & revitalize your skin for a radiant, healthy glow every day",https://www.molekulaire.com/cdn/shop/files/Untitled-1.png?v=1692260797&width=600,punjab,False,False,True,True,True,True,True,False
https://americantourister.in,"['CorporateSales.India@samsonite.com', 'customercare@quadrantconsumer.com', 'service@samsonite.com.']",['+919370954059'],"{'instagram': 'https://www.instagram.com/amtouristerin/?hl=en', 'facebook': 'https://www.facebook.com/amtouristerin', 'youtube': 'https://www.youtube.com/@AmericantouristerIn'}",,"American Tourister is a well-known global luggage brand offering a range of travel products like suitcases, backpacks, and accessories. It's known for its affordable, durable, and stylish luggage, often characterized by vibrant designs and attention to detail.",https://americantourister.in/cdn/shop/files/615-2023_03_31-AT_Logo_200x50__1.webp?v=1742636999&width=500,maharashtra,True,True,True,False,True,True,True,True
https://toyshine.in,"['info@toyshine.in', 'INFO@TOYSHINE.IN']",['+918968572851'],"{'facebook': 'https://www.facebook.com/toyshine', 'instagram': 'https://www.instagram.com/toyshine.in/', 'youtube': 'https://www.youtube.com/channel/UC2bGbhkvLowZPjOvln01ZYQ'}",home,"Get 15% off the best kids 1, 2, 3, 4, and 5, Years old learning and educational toys games & diecast metal remote control car sets, or boys-girls essentials kits in India.",,punjab,True,True,True,True,True,False,True,True
https://cellbell.in,['hello@cellbell.in'],['+918600366600'],"{'facebook': 'https://www.facebook.com/Cellbells/', 'twitter': 'https://twitter.com', 'instagram': 'https://www.instagram.com/cell_bell/', 'linkedin': 'https://www.linkedin.com/company/cellbell/', 'youtube': 'https://www.youtube.com/cellbell'}",furniture,Get the best gaming chairs in India at Cellbell. Shop for affordable ergonomic chairs under 5000 for a comfortable gaming experience. Buy now!,https://cellbell.in/cdn/shop/files/CB-red-logo-01_4fb01bdf-670c-49a6-a707-637c417ad07a.png?v=1644921009\u0026width=1500,maharashtra,True,True,True,True,True,True,True,True
https://spaciocollections.com,,['+919051583311'],"{'facebook': 'https://www.facebook.com/SpacioCollections', 'linkedin': 'https://www.linkedin.com/company/spaciocollections', 'instagram': 'https://www.instagram.com/spaciocollections/', 'youtube': 'https://www.youtube.com/@spaciocollections'}",home,"Explore the largest collection of premium furniture, unique home decor accessories & decorative lighting in India. Experience at our stores in Mumbai & Kolkata or online.",https://spaciocollections.com/cdn/shop/files/Spacio_Logo_{width}x.png?v=1706948179,delhi,False,True,True,True,True,True,True,True
https://panchvati.in,,['+919999812226'],"{'facebook': 'https://www.facebook.com/panchvatiherbals/', 'instagram': 'https://www.instagram.com/panchvatiherbals/', 'youtube': 'https://www.youtube.com/@panchvatiherbals3405'}",health,"Panchvati Herbals brings to you a fruition of Natural, Herbal Ayurvedic products comprising of skin care, hair care, health care, men care, body spa & personal care products.",https://panchvati.in/cdn/shop/files/Logo_Panchvati_2.png?v=1716381638&width=600,delhi,False,True,True,True,True,True,True,True
https://yogabars.in,['hello@yogabars.in'],['+919606030616'],"{'instagram': 'https://www.instagram.com/yogabars.in', 'linkedin': 'https://in.linkedin.com/company/yoga-bar', 'facebook': 'https://www.facebook.com/yogabars/'}",health,"India's most loved nutrition-led food company. Muesli, Protein Bars, Energy Bars, Peanut Butters, and Gluten Free Oats that are friggin' delicious. All natural. No preservatives. Loaded with protein and fibre. Social Distancing from processed food and sugar. Free and Fast Delivery in India. Buy Now!",https://www.yogabars.in/cdn/shop/files/Group_1244831766_2.png?v=1782282537&width=600,,True,True,True,True,True,True,False,True
https://crestekids.com,['contact@crestekids.com'],['+918081026320'],"{'instagram': 'https://instagram.com', 'youtube': 'https://youtube.com', 'facebook': 'https://facebook.com'}",,"India’s most fun hands-on DIY kits & activations company. Creative learning for all ages, screen-free. Explore Creste today.",,uttar pradesh,True,True,True,False,True,False,True,True
https://coralslub.com,['care@coralslub.com'],['+918287342196'],"{'facebook': 'https://www.facebook.com/coralslubs', 'instagram': 'https://www.instagram.com/coralslub', 'youtube': 'https://www.youtube.com/@CoralSlub'}",home,"Discover premium Indian home furnishings from Coral Slub for your home! Curated table covers, runners, bedsheets, cushion covers & fillers. Ethically sourced, handcrafted quality. Made in India",https://coralslub.com/cdn/shop/files/coralslub-logo.png?v=1732553828&width=320,haryana,True,True,True,True,True,True,True,False
https://ezeperfume.com,['care@ezeperfumes.com'],"['1800-209-1901', '+919769944888']","{'instagram': 'https://www.instagram.com/ezeperfumes/', 'youtube': 'https://www.youtube.com/channel/UCzeYlP9CtP64K-7TzHneU_g', 'facebook': 'https://www.facebook.com/EzePerfumes'}",beauty,"Eze Perfume is a leading brand for premium, long-lasting EDP perfumes for men and women. Explore luxury fragrances at the best prices in India. Buy online now!",https://ezeperfume.com/cdn/shop/files/eze-logo-for-site.svg?v=1713763155&width=330,,True,True,True,True,True,True,False,True
https://bombayshavingcompany.com,['care@bombayshavingcompany.com'],,"{'instagram': 'https://www.instagram.com/bombayshavingcompany', 'facebook': 'https://www.facebook.com/bombayshavingcompany', 'twitter': 'https://twitter.com/BombayShavingCo', 'youtube': 'https://www.youtube.com/c/Bombayshavingcompany'}",home,"Bombay Shaving Company is a premium personal care and grooming solutions brand committed to delivering truly remarkable customer experiences. Ours thoughtfully curated personal care regimens double-up as the perfect gifting options for special occasions, too. Come, shine like never before with products made with love!",https://www.bombayshavingcompany.com/cdn/shop/files/Group_23d45b8a-8bf0-4c72-950d-6fef387b2999.png?v=1785233306&width=240,delhi,True,False,True,True,True,True,True,True
https://indulgeoessentials.com,['support@indulgeoessentials.com'],['+919999278785'],"{'x': 'https://x.com/indulgeoindia', 'facebook': 'https://www.facebook.com/indulgeo', 'instagram': 'https://www.instagram.com/indulgeo.essentials/', 'youtube': 'https://www.youtube.com/@indulgeoessentials'}",skincare,"Discover Indulgeo Essentials' luxury skincare products, crafted with advanced skincare science for radiant skin. Shop the best skincare products for a flawless glow!",https://indulgeoessentials.com/cdn/shop/files/logo.avif?v=1761399532&width=600,delhi,True,True,True,True,True,True,True,True
https://thegorgeoushair.com,['gorgeoushair1995@gmail.com'],"['+919016460714', '+917990879103']","{'instagram': 'http://instagram.com/thegorgeoushair/', 'facebook': 'https://www.facebook.com/thegorgeoushair', 'youtube': 'https://www.youtube.com/@thegorgeoushair'}",beauty,"Buy 100% Original Hair Extensions & Toppers Online at The Gorgeous Hair. Explore Clip-In Hair Extensions, Hair Toppers, and Wigs Made for Women. Add Volume Today!",,,True,True,True,True,True,False,False,True
https://gladful.in,"['hello@gladful.in', 'hello@gladful.in.']",['+919351025886'],"{'facebook': 'https://www.facebook.com/Gladfulcommunity/', 'instagram': 'https://www.instagram.com/be.gladful', 'youtube': 'https://www.youtube.com/channel/UCsMjx6RRqWo0TpzQ0U2VohQ'}",health,"Discover Gladful – your go-to destination for clean, protein-rich breakfasts and kids' nutrition. Explore Chilla, Dosa, Pancakes, Nutramilk Mixes & more, made with wholesome ingredients and zero added junk",https://gladful.in/cdn/shop/files/Frame_2_b30fe4fe-be3d-4169-a3cb-d9deb29fc7fb.png?v=1652850970&width=600,delhi,True,True,True,True,True,True,True,True
https://soulflower.in,['cs@soulflower.in'],['+918080356666'],"{'facebook': 'https://facebook.com/besoulflowerindia', 'instagram': 'https://instagram.com/soulflowerindia', 'linkedin': 'https://linkedin.com/company/soulflowerindia', 'youtube': 'https://www.youtube.com/@besoulflower'}",beauty,"Soulflower offers 100% pure, natural Rosemary Oil Certified Organic, handmade skin care, hair care, and body care products with scientific actives for all your needs. Visit our online store to experience Clean Science India's 1st Preservative-free & Clinically proven Beauty Brand.",https://cdn.shopify.com/s/files/1/0549/1274/5725/files/Soulflower-Highres-Logo.png?v=1787985297&width=300,,True,True,True,True,True,True,False,False
https://prisachi.com,['sales@prisachi.in'],['+919326896516'],"{'facebook': 'https://www.facebook.com/people/Prisachi/61552276502346/', 'instagram': 'https://www.instagram.com/prisachi_official/'}",clothing,"Discover the epitome of style and elegance with Prisachi, the visionary clothing brand that redefines fashion. Embrace your individuality with our exquisite collection of timeless pieces, meticulously crafted to perfection. From chic urban wear to sophisticated evening attire, Prisachi caters to every fashion connoisse",https://www.prisachi.com/cdn/shop/files/Prisachi-logo_a9e16fc7-8f79-417f-8015-ed15217e43ef.png?v=1739445582&width=600,delhi,True,True,True,True,True,True,True,True
https://wrapsandtags.com,,['+917718886493'],{'instagram': 'https://www.instagram.com/wrapsandtags/?hl=en'},beauty,Country/region,https://wrapsandtags.com/cdn/shop/files/Final_logo.png?v=1728049261&width=600,,False,True,True,True,True,True,False,True
https://mymuse.in,['support@mymuse.in'],,"{'facebook': 'https://www.facebook.com/mymuse.in/', 'instagram': 'https://www.instagram.com/mymuse.in/', 'linkedin': 'https://www.linkedin.com/company/mymuse-india/', 'youtube': 'https://www.youtube.com/channel/UCxtrJgwidF68JtEOVLvidBA'}",wellness,"We create bedroom essentials and for people who love to love. Our intimacy products are thoughtfully designed to make intimacy easy, approachable, and fun for the modern Indian.",https://mymuse.in/cdn/shop/files/logo-new-dark.png?v=1648102302\u0026width=400,delhi,True,False,True,True,True,True,True,True
https://catwalkbotanics.com,['Wehearyou@catwalkbotanics.com'],['+917428555700'],"{'instagram': 'https://www.instagram.com/catwalkbotanics/', 'facebook': 'https://www.facebook.com/catwalkbotanics'}",home,"Order online lovingly crafted luxurious non-alcoholic spirits for every mood and a balanced lifestyle, alcohol-free beverages served to non-drinkers as alcohol alternatives.",https://catwalkbotanics.com/cdn/shop/files/Caltwalk_Logo_7858c8d5-aa9e-4c37-9588-669ba205e741.svg?v=1702972701&width=600,delhi,True,True,True,True,True,True,True,True
https://rainandrainbow.com,['support@rainandrainbow.in'],['+919829300088'],"{'facebook': 'https://www.facebook.com/rainandrainbow.official/', 'instagram': 'https://www.instagram.com/rainandrainbow_official/', 'youtube': 'https://www.youtube.com/@rainandrainbow_'}",clothing,"Shop ethnic kurtas, kurta sets, kurtis, anarkalis, co-ord sets, dresses, tops & tunics for women online. Pure cotton fabrics, sizes XS to 4XL. Free shipping. Easy returns. COD available. Use code WELCOME5 for 5% off your first order. Shop now at Rain & Rainbow.",https://rainandrainbow.com/cdn/shop/files/logo.png,,True,True,True,True,True,True,False,True
https://talktocrystals.com,['support@talktocrystals.com'],"['1800-005-560', '+919650119440', '1800-006-570']","{'instagram': 'https://www.instagram.com/talktocrystals/', 'facebook': 'https://www.facebook.com/talktocrystals', 'twitter': 'https://twitter.com/talktocrystals', 'youtube': 'https://www.youtube.com/channel/UCLcH-aXEndlv5o2KmRQ-V9Q'}",jewelry,"Talk To Crystals is India's Leading Crystal Shop to Buy Real Natural Healing Crystals & Reiki Crystal Products Online. Find Certified Rose Quartz, Moldavite, Pyrite, Amethyst, Citrine & Black Tourmaline. Shop Healing Stones and Crystals Near New Delhi Gurgaon Mumbai Bangalore Chennai Kolkata, in India.",https://talktocrystals.com/cdn/shop/files/talktocrystals-logo_145x_2x-min_145x@2x.png?v=1669120718,delhi,True,True,True,True,True,True,True,True
https://themomstore.in,['contactus@themomstore.in'],"['+917259422526', '+919606208886']","{'facebook': 'https://www.facebook.com/AtTheMomStore', 'twitter': 'https://twitter.com/the_mom_store', 'instagram': 'https://www.instagram.com/the_mom_store/', 'youtube': 'https://www.youtube.com/@the_mom_store'}",clothing,"Shop best maternity wear, baby products, newborn essentials, diapers & kids clothing at The Mom Store. Affordable, comfortable options for every stage, shipped across India.",https://themomstore.in/cdn/shop/files/the_mom_store_logo_10x.jpg?v=1727504508,,True,True,True,True,True,True,False,True
https://vedaoils.com,"['bulk@vedaoils.com', 'hello@vedaoils.com']","['+918447747179', '+918447741779']","{'facebook': 'https://www.facebook.com/vedaoilswellness', 'instagram': 'https://www.instagram.com/vedaoils ', 'youtube': 'https://www.youtube.com/VedaOils', 'linkedin': 'https://in.linkedin.com/company/vedaoils'}",skincare,"VedaOils is one of the best essential oils, Soap manufacturers & Suppliers in India. VedaOils provides a 100% pure organic Essential Oils & Soap base in India. We are India's Largest manufacturer and supplier of natural essential oils. You can also buy melt and pour soap base at wholesale prices on our online store.",https://www.vedaoils.com/cdn/shop/files/veda-gold-logo.png?height=46&v=1770868889,haryana,True,True,True,True,True,True,True,True
https://morningcrate.com,['support@morningcrate.com'],['+917838383638'],"{'facebook': 'https://www.facebook.com/morningcrate', 'instagram': 'https://www.instagram.com/morningcrate/'}",health,"Discover the finest selection of buffalo Ghee, cow Ghee, mustard oil and pure honey at MorningCrate. Shop online for high-quality, locally sourced dairy products. Taste the goodness today!",https://morningcrate.com/cdn/shop/files/Morning_Crate_Logo_teal.png?v=1662544027&width=600,uttar pradesh,True,True,True,True,True,True,True,True
https://cosmix.in,"['info@cosmix.in', 'partnerships@cosmix.in']",['+916366160553'],{'instagram': 'https://www.instagram.com/khushali.savla?igsh=cHcyYmdtc2w2MDZt'},health,"Clinically-proven superfood solutions for every part of your health. Plant based supplements for mind and body. Loved and trusted by 80,000+. As seen in Vogue, Forbes, Grazia.",https://cosmix.in/cdn/shop/files/Cosmix_Logo.svg?v=1762154529&width=304,karnataka,True,True,True,True,True,True,True,True
https://shekhawaticrafts.com,"['info@shekhawaticrafts.com', 'sales@shekhawaticrafts.com', 'support@shekhawaticrafts.com']","['+917014624377', '+919929101046']","{'x': 'https://x.com/SHEKHAWATICRFTS', 'facebook': 'https://www.facebook.com/shekhawaticrafts', 'instagram': 'https://www.instagram.com/shekhawati_crafts/', 'youtube': 'https://www.youtube.com/@Shekhawati_crafts'}",furniture,Shop premium solid wood furniture from Rajasthan at Shekhawati Crafts. Handcrafted Sheesham & Mango wood furniture with custom designs and free delivery.,,,True,True,True,True,True,False,False,True
https://amnect.in,['care@amnect.in'],['+919713399555'],"{'facebook': 'https://www.facebook.com/share/17PhBSRbsX/', 'instagram': 'https://www.instagram.com/amnect.in?utm_source=qr&igsh=MTE0bHBoaXprZjM4Mg=='}",health,Amnectcare,https://amnect.in/cdn/shop/files/Amnect_Logo_PNG.png?v=1776332415&width=75,maharashtra,True,True,True,True,True,True,True,True
https://avartajewellery.com,['info@avartajewellery.com'],['+918875757575'],"{'x': 'https://x.com/AvartaJewellery', 'facebook': 'https://www.facebook.com/avarta.jewellery', 'instagram': 'https://www.instagram.com/avartajewellery/'}",jewelry,"Avarta Jewellery offers elegant gold, silver, diamond, and gemstone jewellery crafted for modern style and everyday luxury. Discover solitaire earrings, zircon designs, and certified diamond pieces with secure shopping, 30-day returns, and trusted delivery across India.",https://www.avartajewellery.com/cdn/shop/files/avarta-logo.webp?v=1770259069&width=600,,True,True,True,True,True,True,False,True
https://roshaindia.com,['support@roshaindia.com'],['+919818418457'],"{'facebook': 'https://www.facebook.com/people/Rosha-India/100076634115113/#', 'instagram': 'https://www.instagram.com/roshaindia/', 'youtube': 'https://www.youtube.com/@roshaindia?si=hLc5Eq_UY3XdnL0N', 'linkedin': 'https://www.linkedin.com/company/roshaindia/'}",home,"Discover premium designer lamps by Rosha Lighting. Explore elegant table lamps, floor lamps, solar lamps and luxury lighting crafted for modern homes",https://roshalighting.com/cdn/shop/files/rosha_logo-black_130x.png?v=1753205921,delhi,True,True,True,True,True,True,True,True
https://homestrap.com,['support@homestrap.com'],['+916264481108'],"{'facebook': 'https://www.facebook.com/HomestrapIndia', 'instagram': 'https://www.instagram.com/homestrap_india/', 'youtube': 'https://www.youtube.com/@homestrap4939'}",home,"Trusted by 5 million+ Indian homes, Homestrap’s organizers transform chaos into harmony—perfect for kitchens, wardrobes, bathrooms and more, making everyday life simpler and more peaceful.",https://www.homestrap.com/cdn/shop/files/hs_logo-03_94523789-fcfd-45af-914d-bd4943a93b5c.png?v=1772862427&width=1500,,True,True,True,True,True,True,False,True
https://zoey.in,,['+919068586693'],"{'facebook': 'http://facebook.com/connectzoey', 'instagram': 'https://www.instagram.com/connectzoey/', 'twitter': 'https://twitter.com/connectzoey'}",apparel,"Zoey is India’s best homegrown baby brand, offering premium Made in India nursery essentials, personalized school bags & organic muslin apparel. Thoughtfully designed for your little one. Shop now!",,uttar pradesh,False,True,True,True,True,False,True,True
https://vedistorganic.com,['info@vedistorganic.com'],['+919257107701'],"{'facebook': 'https://www.facebook.com/vedist.organic', 'instagram': 'https://www.instagram.com/vedist_organic_official', 'youtube': 'https://www.youtube.com/channel/UCk2i4B5LNZjYBwwoL4uCXHA', 'linkedin': 'https://www.linkedin.com/company/vedist-organic'}",health,"Vedist Organic offers products to address chronic health problems of adults over 45+, such as joint pain, blood pressure, arthritis, and diabetes care. Shop herbal products online now.",https://www.vedistorganic.com/cdn/shop/files/Asset_11.svg?v=1731068737&width=330,,True,True,True,True,True,True,False,True
https://thaely.in,['sales@thaely.com'],['+917058336014'],"{'facebook': 'https://www.facebook.com/thaely.inc/', 'instagram': 'https://www.instagram.com/thaely.inc/', 'twitter': 'https://twitter.com/Thaely_inc', 'linkedin': 'https://www.linkedin.com/company/thaely/', 'youtube': 'https://www.youtube.com/@thaely1550'}",apparel,Discover Thaely's innovative sneakers made from recycled plastic. Step into sustainable fashion with stylish and eco-friendly footwear. Shop now!,https://thaely.com/cdn/shop/files/Thaely_Logo.png?v=1785864453\u0026width=3508,maharashtra,True,True,True,True,True,True,True,True
https://clanearth.com,['hello@clanearth.com'],['+917003931897'],"{'instagram': 'https://www.instagram.com/clanearth/', 'facebook': 'https://www.facebook.com/clanearth/', 'youtube': 'https://www.youtube.com/channel/UC1MXa928Ui0gv9d-WBF4NMA'}",home,"Clan Earth is an Indian eco-sustainable brand handcrafting completely vegan and plastic-free backpacks, bags, travel bags, vegan wallets and other carry accessories. We plant 5 trees per product bought by you. 15000+saplings planted. Explore other eco - friendly products and habits with us!",https://clanearth.com/cdn/shop/files/CE-full-bagde-colour.png?v=1614098447,,True,True,True,True,True,True,False,True
https://amydus.com,"['cs@amydus.com', 'partner@amydus.com']",,"{'instagram': 'https://www.instagram.com/amydus/', 'youtube': 'https://www.youtube.com/@amydusplussizefashion', 'facebook': 'https://www.facebook.com/AmydusPlusSizeFashion'}",clothing,"Amydus - Best all plus size clothing store for women in India. Buy XXXL dresses, jeans, pants, tops, Kurtis, t-shirts, etc. Free shipping across India",https://www.amydus.com/cdn/shop/files/image_1_280x.png?v=1664454545,haryana,True,False,True,True,True,True,True,True
https://urbanspacestore.in,"['helpdesk@urbanspacestore.in', 'info@yourstore.com']",['+919724851179'],"{'instagram': 'https://www.instagram.com/urbanspacestore.in/', 'youtube': 'https://www.youtube.com/@urbanspacestore', 'linkedin': 'https://www.linkedin.com/company/urban-space-store/'}",home,"Urban Space offers a notable home décor products from curtains, bed linen, dohar blankets, bed cover, mats & rugs, table linen online at your door steps.",https://www.urbanspacestore.in/cdn/shop/files/high_logo_2.png?v=1755941582&width=3527,delhi,True,True,True,True,True,True,True,False
https://bluetokaicoffee.com,"['emandate@bluetokaicoffee.com', 'getcoffee@bluetokaicoffee.com']",['+919606047077'],"{'twitter': 'https://twitter.com/bluetokaicoffee', 'facebook': 'https://www.facebook.com/bluetokaicoffee/', 'instagram': 'https://www.instagram.com/bluetokaicoffee/'}",home,"Blue Tokai Coffee brings you fresh single estate 100% Arabica coffee beans, roasted with care, from the best farms across India. Order yours online now!",,,True,True,True,True,True,False,False,True
https://fedus.in,['info@fedus.in'],['+918510999444'],"{'x': 'https://www.newsx.com/press-release/deceptive-dark-patterns-of-e-commerce-explained-by-sachin-verm/', 'facebook': 'https://www.facebook.com/fedusindia', 'instagram': 'https://www.instagram.com/fedus_india/'}",home,"Buy Ethernet cables, HDMI cables, power cords, USB cables & networking gear from FEDUS — India's trusted D2C brand. Free shipping & up to 2-year warranty.",https://www.fedus.in/cdn/shop/files/fedus_logo_blue_120x.webp?v=1737375455,delhi,True,True,True,True,True,True,True,True
https://chnks.in,['info@chnks.in'],,"{'instagram': 'https://www.instagram.com/reel/DPL67yuEako/?igsh=cjVudTB3cXpodGNr', 'facebook': 'https://www.facebook.com/chnksofficial', 'linkedin': 'https://www.linkedin.com/company/chnks'}",home,"Shop CHNKS, a top Indian sneaker brand redefining style and comfort. Our sneakers for men, women, and unisex designs are crafted for your journey.",https://chnks.in/cdn/shop/files/CHNKS_Logo_Black.svg?height=30&v=1778237526,maharashtra,True,False,True,True,True,True,True,False
https://scoobies.co.in,['contact@scoobies.co.in'],"['+919717359930', '1800-123-2086']","{'facebook': 'https://www.facebook.com/scoobiesstores', 'instagram': 'https://www.instagram.com/scoobiesstores/', 'youtube': 'https://www.youtube.com/@scoobiesstores'}",,"Shop premium kids stationery, toys, backpacks, bottles & school supplies at Scoobies. Discover fun, creative, and high-quality collections for kids in India.",https://scoobies.co.in/cdn/shop/files/WhatsApp_Image_2025-11-13_at_2.08.05_PM.jpg?v=1763023123,uttar pradesh,True,True,True,False,True,True,True,True
https://bigsmall.in,"['corporate@bigsmall.in', 'support@bigsmall.in']",,"{'instagram': 'https://www.instagram.com/bigsmall.in/', 'x': 'https://x.com/bigsmallstore', 'facebook': 'https://www.facebook.com/thebigsmallstore', 'youtube': 'https://www.youtube.com/channel/UCE3VbyxBbcr_zbFUt7B-WOA'}",jewelry,"Bigsmall is known for its special and unique gift collections in India. Explore the best gifts for birthdays, anniversaries, or corporate gifting. Free On-time Delivery!",https://www.bigsmall.in/cdn/shop/files/BIGSMALL_LOGO.webp?v=1775303013&width=340,delhi,True,False,True,True,True,True,True,True
https://salud.co.in,"['info@salud.co.in', 'marketing@salud.co.in']",,"{'twitter': 'https://twitter.com/saludbeverages', 'facebook': 'https://www.facebook.com/SaludBeverages', 'instagram': 'https://www.instagram.com/saludbeverages/', 'linkedin': 'https://www.linkedin.com/company/salud-beverages/mycompany/?viewAsMember=true', 'youtube': 'https://www.youtube.com/@salud2160'}",clothing,"Explore & connect with the latest stylish t-shirts, hoodies, and sweatshirts for men at Salud Clothing Store.",https://salud.co.in/cdn/shop/files/Asset_4.png?v=1673288094,karnataka,True,False,True,True,True,True,True,True
https://amrapalijewels.com,['info@amrapalijewels.com'],['+919828875550'],"{'facebook': 'https://www.facebook.com/amrapalijewels', 'twitter': 'https://twitter.com/amrapalijewels', 'instagram': 'https://www.instagram.com/amrapalijewels/'}",beauty,"Amrapali was a renowned royal courtesan said to have lived around 500BC in ancient India, she is also the timeless symbol of a Muse, one who brings you inspiration, intuition and higher vision through her timeless beauty and grace. Amrapali’s extraordinary beauty and charm was also known far and wide. She is mentioned",https://amrapalijewels.com/cdn/shop/files/amrapali_logo.png?crop=center&height=768&v=1768545268&width=768,,True,True,True,True,True,True,False,True
https://krishyam.com,['info@krishyam.com'],,"{'instagram': 'https://www.instagram.com/reel/DBzhXGXtpjs/?utm_source=ig_web_copy_link&igsh=MzRlODBiNWFlZA==', 'facebook': 'https://www.facebook.com/krishyam2018/', 'youtube': 'https://www.youtube.com/@Krishyam_marketing/featured'}",jewelry,Krishyam,https://www.krishyam.com/cdn/shop/files/Krishyam_Logo_Option6_White.pdf-removebg-preview_0a0fcb88-394d-496d-affe-e757983164ea.png?v=1781849694&width=300,west bengal,True,False,True,True,True,True,True,True
https://aguante.in,['care@aguante.in'],['+917757049944'],"{'facebook': 'https://www.facebook.com/aguanteactive', 'twitter': 'https://twitter.com/aguanteactive', 'instagram': 'https://www.instagram.com/aguanteactive', 'youtube': 'https://www.youtube.com/@aguanteactive', 'linkedin': 'https://www.linkedin.com/showcase/aguanteactive/'}",clothing,"Shop moisture-wicking, anti-chafe activewear built for Indian runners. Men's & women's running shorts, tights, singlets & more. Free shipping India-wide.",https://aguante.in/cdn/shop/files/Aguante_Logo_New_P.png?v=1701931323&width=460,maharashtra,True,True,True,True,True,True,True,False
https://parvcouture.com,['support@parvcouture.com'],"['+917503157339', '+917503176010']","{'instagram': 'https://www.instagram.com', 'facebook': '//www.facebook.com/sharer.php?u=https://parvcouture.com/products/orange-embellished-crepe-cape-set', 'youtube': 'https://www.youtube.com/share?url=https://parvcouture.com/products/orange-embellished-crepe-cape-set', 'linkedin': 'https://www.linkedin.com/shareArticle?url=https://parvcouture.com/products/orange-embellished-crepe-cape-set&title=Orange%20Embellished%20Crepe%20Cape%20Set'}",clothing,"Buy Anarkali suits, Co-ord sets, Dresses & jumpsuits, Shararas & Lehengas, Indo western & Wedding Wear for women online at affordable prices. Ethnic & Festive wear for women",https://parvcouture.com/cdn/shop/files/logo-png_1.png?v=1715834075&width=600,delhi,True,True,True,True,True,True,True,True
https://robocraze.com,['supriya.bon2010@gmail.com'],,"{'instagram': 'https://www.instagram.com/robocraze/', 'youtube': 'https://www.youtube.com/c/Robocraze', 'linkedin': 'https://www.linkedin.com/company/tif-labs-pvt-ltd/posts/', 'facebook': 'https://www.facebook.com/robocrazeindia/', 'twitter': 'https://twitter.com/robocraze'}",electronics,"Explore Arduino, Raspberry Pi, 3D printers, robotics kits, AI, IoT, drones, STEM kits and electronics at Robocraze India's Largest Robotics & AI Platform with fast delivery across India.",https://robocraze.com/cdn/shop/files/logo_c25a41d4-60e2-4388-8f04-9cfe5b87cb01.png?v=1655484942&width=300,karnataka,True,False,True,True,True,True,True,True
https://laavanphere.co.in,['care@laavanphere.co.in'],,"{'facebook': 'https://www.facebook.com/people/laavanpherecoin/61564881931406/?mibextid=LQQJ4d', 'instagram': 'https://www.instagram.com/__laavanphere__/'}",health,"Handcrafted kurta sets for weddings, festive occasions & celebrations. COD available. 7-day returns. Free shipping above ₹999. Shop Laavan Phere — pan-India delivery.",https://www.laavanphere.co.in/cdn/shop/files/logo_gold-removebg-preview.png?v=1728369296&width=600,,True,False,True,True,True,True,False,False
https://themomsco.com,"['demo@demo.com', 'hello@themomsco.com']",,"{'facebook': 'https://www.facebook.com/TheMomsCo/', 'instagram': 'https://www.instagram.com/themomsco'}",home,"Discover gentle, toxin-free baby care essentials at The Moms Co. From natural baby lotions and shampoos to diaper rash creams - everything your little one.",https://themomsco.com/cdn/shop/files/TMC_logo_Qcomm.png?v=1783343653&width=600,haryana,True,False,True,True,True,True,True,True
https://solidbench.com,['info@solidbench.com'],"['+918447731702', '+919717170876']","{'facebook': 'https://www.facebook.com/solidbench/', 'instagram': 'https://www.instagram.com/solidbench/'}",home,"Furniture Online: Buy luxury wooden furniture for home at affordable prices. Exclusive range of Chairs, Dining Tables, Coffee Tables, Side Tables, Live Edge furniture made of solid wood. Buy from popular Wooden Furniture Store!",https://solidbench.com/cdn/shop/files/blacklogo.png?v=1783674343&width=600,haryana,True,True,True,True,True,True,True,True
https://birdeyeindia.com,['contact@birdeyeindia.com'],['+919076119990'],"{'facebook': 'https://www.facebook.com/birdeyeind', 'instagram': 'https://www.instagram.com/birdeye.india/', 'linkedin': 'https://in.linkedin.com/company/bird-eye-india'}",clothing,"A premium sportswear and loungewear brand that makes apparel you’ll want to live in. You don't have to choose between looking good and feeling good. That's our motto and the driving force behind all of our products. We believe that comfort is key, and wearing clothing that makes you feel so should be effortless.",https://birdeyeindia.com/cdn/shop/files/Bird_EYE_LOGO_7c4cbd27-532f-4334-8ed3-4083a8027751.png?v=1759269374&width=1667,,True,True,True,True,True,True,False,True
https://toyokombucha.com,"['contact@toyokombucha.com', 'greycodedtvm@gmail.com']","['+919074336851', '+917982750081']","{'instagram': 'https://www.instagram.com/toyokombucha/', 'facebook': '//www.facebook.com/sharer.php?u=https://www.toyokombucha.com/products/trial-pack-2', 'twitter': '//twitter.com/share?text=Trial%20Pack%20/%20Low%20Sugar%20Toyo%20Kombucha&url=https://www.toyokombucha.com/products/trial-pack-2'}",health,Boost your immunity with Raw and Organic Kombucha drink from Toyo Kombucha. Toyo Kombucha is super healthy alternative to regular cold drinks. Buy Kombucha tea online at best price in (Delhi) India.,https://www.toyokombucha.com/cdn/shop/files/TOYO_KOMBUCHA_LOGO_SVG_260x.svg?v=1780738775,tamil nadu,True,True,True,True,True,True,True,True
https://wforwoman.com,['customercare.tcns@abfrl.adityabirla.com'],"['+918796121632', '+917840041638']","{'facebook': 'https://www.facebook.com/WforWoman', 'instagram': 'https://www.instagram.com/wforwoman', 'youtube': 'https://www.youtube.com/user/WforWoman', 'x': 'https://x.com/WforWoman'}",apparel,"Shop elegant ethnic wear for women at W for Woman. Explore kurtas, co-ord sets , anarkalis & festive styles crafted for modern elegance. COD, Easy Returns, and Pan-India delivery. Shop online now!",https://www.wforwoman.com/cdn/shop/files/WLOGO.png?height=36&v=1756188017,delhi,True,True,True,True,True,True,True,True
https://bombaysweetshop.com,['chat@bombaysweetshop.com'],['+919136192636'],"{'facebook': 'https://www.facebook.com/bombaysweetshop/', 'x': 'https://x.com/BombaySweetShop', 'instagram': 'https://www.instagram.com/bombaysweetshop/'}",home,"Bombay Sweet Shop crafts delightful Indian sweets and savouries that are anything but boring. Discover handcrafted mithai and thoughtful gifts, delivered across India.",https://bombaysweetshop.com/cdn/shop/files/LOGO_5_298c1eb6-e72c-4d75-9d4d-4677ae52c2be.png?v=1672314252,,True,True,True,True,True,True,False,True
https://boldcare.in,['support@boldcare.in'],['+919019530313'],"{'facebook': 'https://www.facebook.com/boldcare.official/', 'instagram': 'https://www.instagram.com/bold.care/', 'youtube': 'https://www.youtube.com/channel/UCmG0TPnONefIFU-7LuzwvJQ'}",health,"Explore Bold Care’s expert-backed range of condoms, performance boosters, lubes, and intimate care. Trusted by 20L+ Indian men. Free & discreet delivery. Shop now!",https://boldcare.in/cdn/shop/files/Bold_Logo_1_1.png?v=1736849903&width=231,maharashtra,True,True,True,True,True,True,True,True
https://toffeecoffeeroasters.com,['toffeecoffeeroasters@gmail.com'],['+919108769735'],"{'instagram': 'https://www.instagram.com/toffeecoffeeroasters/', 'facebook': 'https://www.facebook.com/toffeecoffeeroasters', 'twitter': 'https://twitter.com/RoastersToffee'}",,"Toffee Coffee Roasters brings you fresh single estate 100% Arabica coffee beans, roasted with care, from the finest estates across Asia.",,karnataka,True,True,True,False,True,False,True,False
https://banjaras.co.in,['customercare@banjaras.co.in'],['1800-572-3300'],"{'facebook': 'https://www.facebook.com/banjarasherbalsindia', 'twitter': 'https://twitter.com/BanjarasHerbal', 'instagram': 'https://instagram.com/banjarasherbal', 'youtube': 'https://www.youtube.com/c/banjarasherbalsindia'}",beauty,"Banjara’s handmade range of products, are well researched Ayurvedic formulations, made from purest fruit extracts, herbs and floral essences. When you pick up a Banjara’s product, you can be assured of its origins. Go ahead, begin your ayurvedic journey today! Natural, vegan and cruelty free.",https://banjaras.co.in/cdn/shop/files/Banjaras-logo-R.png?crop=center&height=1000&v=1712911086&width=1000,telangana,True,True,True,True,True,True,True,True
https://in.kalkifashion.com,['info@kalkifashion.com'],"['+918097145500', '+919920012474']","{'instagram': 'https://www.instagram.com/kalkifashion', 'facebook': 'https://www.facebook.com/kalkifashion', 'youtube': 'https://www.youtube.com/kalkifashion', 'twitter': 'https://twitter.com/kalkifashion'}",clothing,"Shop premium Indian ethnic wear for the entire family at KALKI Fashion. Discover designer clothing for women, men & kids, plus curated accessories. Shop online!","https://ik.imagekit.io/4sjmoqtje/tr:w-180,c-at_max/cdn/shop/files/kalki-logo.svg?v=1737539097",maharashtra,True,True,True,True,True,True,True,True
https://ruse.in,['hello@ruse.in'],"['+919319691556', '+919810419556']","{'facebook': 'http://www.facebook.com/ruseclothingindia', 'twitter': 'https://twitter.com/ruse_in', 'instagram': 'http://instagram.com/ruse.in', 'linkedin': 'https://www.linkedin.com/company/ruse-pet-care/'}",apparel,"Check Out a Fun and Exciting Range of Clothes, Customizable Apparel and Accessories for Pet Dogs, Cats and Their Humans. Pets simply love us!",https://www.ruse.in/cdn/shop/files/Ruse-Logo-_-Tag-Line_copy_2.png?v=1673001320&width=65,,True,True,True,True,True,True,False,True
https://vsmani.com,"['hello@vsmani.com', 'gifting@vsmani.com']",,"{'instagram': 'https://instagram.com/vsmaniandco', 'linkedin': 'https://www.linkedin.com/company/vs-mani-co/'}",health,"Shop authentic South Indian filter coffee, instant coffee and wholesome snacks at VS Mani & Co.",,,True,False,True,True,True,False,False,True
https://nurserylive.com,,,"{'facebook': 'https://facebook.com/nurserylive', 'instagram': 'https://instagram.com/nurserylive_', 'linkedin': 'https://www.linkedin.com/company/nurserylive/', 'twitter': 'https://twitter.com/nurserylive', 'youtube': 'https://www.youtube.com/nurserylive'}",health,"Shop wide range of natural plants, miniature garden toys, pebbles & bulbs online in India. We delivers 6000+ nursery plants across all major cities in India.",https://nurserylive.com/cdn/shop/files/nurserylive-logo-200x60_845d5fab-9302-4c1d-81b5-14c7d99d739d_200x60.png?v=1613687286,karnataka,False,False,True,True,True,True,True,True
https://lotusherbals.com,['care@lotusherbals.com'],,"{'facebook': 'https://www.facebook.com/LotusHerbals/', 'x': 'https://x.com/lotusherbals', 'instagram': 'https://www.instagram.com/lotus_herbals/', 'youtube': 'https://www.youtube.com/@Lotus_Herbals', 'linkedin': 'https://www.linkedin.com/company/lotus-herbals/posts/?feedView=all'}",beauty,"Shop Lotus Herbals, Organics, Dermat Tested Skincare & Makeup beauty essentials online. Glow naturally with Lotus!",https://www.lotus.in/cdn/shop/files/Lotus-logo.png?v=1736943840&width=259,uttar pradesh,True,False,True,True,True,True,True,True
https://fuaark.com,['care@fuaark.com'],['+917801883399'],"{'instagram': 'http://instagram.com/fuaarkofficial', 'facebook': 'https://www.facebook.com/fuaarkofficial/', 'youtube': 'https://www.youtube.com/@fuaarkofficial'}",clothing,"Shop premium gymwear online and comfortable gym clothes designed for comfort, style, movement and performance. A clean range of sports clothing made for every workout.",https://fuaark.com/cdn/shop/files/Fuaark-Logo-Full-Color-Rgb-900px-w-72ppi_4a1a6638-74c6-41fe-a975-d46a2eaf1387.png?v=1696921989,delhi,True,True,True,True,True,True,True,True
https://gullylabs.com,['hello@gullylabs.com'],['+919311233304'],"{'facebook': 'https://www.facebook.com/gullylabs/', 'x': 'https://x.com/GullyLabs', 'instagram': 'https://www.instagram.com/gullylabs/', 'youtube': 'https://www.youtube.com/@gullylabs'}",apparel,Gully Labs is a sneaker design house based out of New Delhi. We make hand-lasted sneakers collections. New collections released every 60 days inspired by a specific theme. How many do you have?,https://gullylabs.com/cdn/shop/files/image_25_9aaed497-40c5-4b63-87e3-c7e933171a81.png?v=1776683931&width=164,delhi,True,True,True,True,True,True,True,True
https://plumgoodness.com,"['grievance.officer@teampureplay.com', 'hello@plumgoodness.com']",['+917506496604'],"{'instagram': 'https://www.instagram.com/plumgoodness/', 'youtube': 'https://www.youtube.com/channel/UC6tQtwAuADVKuxIRKfwMZfw'}",beauty,"India's first 100% vegan beauty brand. Get best offers on Skincare, Haircare, Bodycare, Makeup & more at Plum Goodness.",https://plumgoodness.com/cdn/shop/files/Plum_Logo_800x447px.svg?v=1775810900&width=190,maharashtra,True,True,True,True,True,True,True,True
https://lemillindia.com,"['customercare@lemill.in', 'designers@lemill.in', 'press@lemill.in']",['+918591907690'],"{'instagram': 'https://www.instagram.com/lemill/', 'facebook': 'https://www.facebook.com/lemillindia/', 'twitter': 'https://twitter.com/LeMill_India'}",apparel,"Welcome to Le Mill, India's only multi-brand luxury fashion house. Shop international and homegrown luxury apparel & accessories. Take a deep dive into our blog, home to our ideas and inspirations; stay updated on all things fashion, art, design and lifestyle.",https://lemillindia.com/cdn/shop/files/Untitled-1_130119bc-ca06-4f7e-b767-143b2a880617_{width}x.png?v=1779185604,,True,True,True,True,True,True,False,False
https://veeba.in,"['vrb.careers@veeba.in', 'hello@veeba.in']",,"{'x': 'https://x.com/veeba_in', 'facebook': 'https://www.facebook.com/Veeba.in/', 'instagram': 'https://www.instagram.com/veeba_in', 'youtube': 'https://www.youtube.com/@VeebaIndia'}",home,"Transform your home-made food with Veeba's sauces, mayo, spreads & dressings.Quality ingredients and innovation makes every meal a delicious celebration of daily hardwork.",https://veeba.in/cdn/shop/files/veeba_logo_main.png?v=1739715575&width=600,delhi,True,False,True,True,True,True,True,True
https://sumadhurafoods.com,['wecare@sumadhurafoods.com'],['+917075620141'],,home,"Experience the taste of nostalgia with Sumadhura Foods. Inspired by Amamma's traditional spices and cooking methods, we bring you authentic flavors that evoke cherished childhood memories.",,,True,True,False,True,True,False,False,True
https://wearetto.com,"['partner@wearetto.com', 'support@wearetto.com']",['+919309192340'],"{'youtube': 'https://www.youtube.com/watch?v=la_kxvVAcTM', 'instagram': 'https://www.instagram.com/wearettodotcom/', 'linkedin': 'https://www.linkedin.com/company/aretto/'}",,"Shop kids shoes that grow with your child. Expandable soles fit up to 3 sizes, zero-drop design, free shipping & 10-day returns. Shop shoes for kids now!",https://wearetto.com/cdn/shop/files/logo-arettp.png?v=1754643922&width=63,maharashtra,True,True,True,False,True,True,True,True
https://impulsecoffees.com,['support@impulsecoffees.com'],,"{'facebook': 'https://www.facebook.com/impulsecoffeesss/', 'instagram': 'https://www.instagram.com/impulsecoffees/', 'youtube': 'https://www.youtube.com/@ImpulseCoffees'}",home,"100% COFFEE, 0% NONSENSE India's first content creator owned coffee brand. Brilliant coffee infused with rich flavours, that tastes great however you serve it! Ethically and sustainably sourced, roasted in small batches and delivered, straight to your door.",https://www.impulsecoffees.com/cdn/shop/files/final_logo.png?v=1681458891&width=1884,maharashtra,True,False,True,True,True,True,True,True
https://skippi.in,['hello@skippi.in'],"['+919154363583', '+918019248484', '+919429692378']","{'facebook': 'https://www.facebook.com/skippiicepops', 'instagram': 'https://www.instagram.com/myskippi/', 'youtube': 'https://www.youtube.com/channel/UCqsxjNL-V9mk4f9rwCtHOZQ', 'linkedin': 'https://in.linkedin.com/company/skippiicepops'}",home,"Shop Skippi for premium ice pops, crunchy corn sticks, and delicious sweet cream rolls! Enjoy gluten-free, preservative-free treats in rainbow, desi, and tropical flavors. Introducing Skippi Fruitz thick and tasty Juices, Order online now for a delightful snacking experience!",https://skippi.in/cdn/shop/files/skippi_font.png?v=1690357134,delhi,True,True,True,True,True,True,True,True
https://recodestudios.com,"['collabs@recodestudios.com', 'support@recodestudios.com']","['+919877816471', '1800-419-4959']","{'facebook': 'https://www.facebook.com/Loverecode/', 'instagram': 'https://www.instagram.com/loverecode/', 'twitter': 'https://twitter.com/loverecode', 'linkedin': 'https://www.linkedin.com/company/recodestudios/', 'youtube': 'https://www.youtube.com/c/RecodeStudios'}",beauty,Recode Studios is a renowned online store for beauty & cosmetics. ☛ Check out the premium collection of makeup & hair care products at the best price in India.,https://shop.recodestudios.com/cdn/shop/files/Recode_Logo.png?v=1699509411&width=600,,True,True,True,True,True,True,False,False
https://blissclub.com,['hi@myblissclub.in'],"['+918150941113', '+919979973393', '+918150001492', '+918884299466', '+917996000781', '+918884299766', '+918884622011', '+918884310110', '+918150001494', '+918150001493']","{'facebook': 'https://www.facebook.com/myblissclub', 'twitter': 'https://twitter.com/myblissclub', 'instagram': 'https://www.instagram.com/myblissclub', 'youtube': 'https://www.youtube.com/channel/UC-xTA_bW6pyEqK3byfbwWww'}",clothing,"Blissclub is an Indian functional apparel brand engineering thoughtfully designed clothing for women and men - built for comfort, performance, and movement.",https://blissclub.com/cdn/shop/files/blissclub_logos.png?v=1739193704&width=5760,maharashtra,True,True,True,True,True,True,True,True
https://thehouseofrare.com,"['support@thehouseofrare.com', 'grievance.officer@thehouseofrare.com']",['+918069975499'],"{'instagram': 'https://www.instagram.com/rarerabbit_in', 'facebook': 'https://www.facebook.com/RareRabbitIndia', 'linkedin': 'https://www.linkedin.com/company/shoprarerabbit/'}",clothing,"Rare Rabbit is a premium & luxury brand that offers designer wear for men and women who love exclusive, luxury, and international designs.",https://thehouseofrare.com/cdn/shop/files/hor_1_ac34ebd3-4498-4f64-b50b-ae6bd5404df8.png?v=1720351640,karnataka,True,True,True,True,True,True,True,True
https://sneakinn.in,['support@sneakinn.in'],"['+919217680034', '+919217900346', '+919220559034', '+919266744034', '+919217900348', '+919217900349', '+919773560087', '+919560973034']","{'instagram': 'https://www.instagram.com/sneakinn_laundry/', 'youtube': 'https://m.youtube.com/watch?v=_hD9MpW1Guw&pp=0gcJCR4Bo7VqN5tD&fbclid=PARlRTSANvDJBleHRuA2FlbQIxMAABp7xpSxUJQrEIIcLbw9owGmFpxjWSEegktC9Js-rIlHtTPqNLr4DR9NGR30Fr_aem_ekBzgQ06KPrT2nbeTyPRhw'}",beauty,Love your sneakers? Let Sneakinn pamper them with our premium sneaker care and sneaker cleaning services. Your kicks will thank you later! #sneakercare,https://sneakinn.in/cdn/shop/files/Untitled-1.webp?v=1705406394\u0026width=408,delhi,True,True,True,True,True,True,True,True
https://greypottery.com,"['care@greypottery.com', 'info@greypottery.com']",['+919927411113'],"{'instagram': 'https://www.instagram.com/greypotteryapp/', 'youtube': 'https://www.youtube.com/@greypottery6161', 'facebook': 'https://www.facebook.com/GreyPotteryApp'}",beauty,Grey Pottery,https://greypottery.com/cdn/shop/files/logo_3_1.png?v=1732172076&width=330,delhi,True,True,True,True,True,True,True,True
https://juicychemistry.com,['sales@juicychemistry.com'],,"{'facebook': 'https://www.facebook.com/JuicyChemistry/', 'twitter': 'https://twitter.com/chemistry_juicy', 'instagram': 'https://www.instagram.com/juicy_chemistry/', 'youtube': 'https://www.youtube.com/channel/UCNkBtAfx0b2Gs4_eMXE6qcw/featured', 'linkedin': 'https://www.linkedin.com/company/juicy-chemistry'}",skincare,"Shop certified organic skincare, hair care, body care and baby care from Juicy Chemistry, made with traceable ingredients and science-led formulations.",https://juicychemistry.com/cdn/shop/files/JC_New_Style_Logo-03_-_Copy.png?v=1737773012&width=1635,,True,False,True,True,True,True,False,True
https://acwo.com,,['+919320420001'],"{'instagram': 'https://www.instagram.com/acwolyf/?igsh=MTFhbTRyOG1nbG1zMg%3D%3D#', 'youtube': 'https://www.youtube.com/@acwolyf', 'facebook': 'https://www.facebook.com/acwolyf?mibextid=ZbWKwL', 'twitter': 'https://twitter.com/acwolyf', 'linkedin': 'https://www.linkedin.com/company/acwo/'}",home,"Buy ACwO wireless earbuds, smart watches, bt neckband earphones and other lifestyle products online at best price in India. Buy made in India lifestyle products with ACwO. Check out branded ACwO lifestyle products now!",https://acwo.com/cdn/shop/files/ACwO-Logo2_200x.gif?v=1703663778,maharashtra,False,True,True,True,True,True,True,True
https://jammbo.com,['info@jammbo.com'],['+918920713041'],"{'facebook': 'https://www.facebook.com/jammbo.kids/', 'instagram': 'https://www.instagram.com/jammbo.kids/', 'linkedin': 'https://www.linkedin.com/company/jammbo-kids/', 'youtube': 'https://www.youtube.com/@Jammbo_kids'}",home,"Indias Best Selling Online Store for kids cars, bikes & strollers. Shop from wide range of kids cars, kids bikes, battery operated toys and baby magic strollers | Jammbo.com",https://jammbo.com/cdn/shop/files/Jammbo_Logo_Colored.jpg?v=1731665464&width=4500,delhi,True,True,True,True,True,True,True,True
https://scrapshala.com,['scrapshala@gmail.com'],['+917411079110'],"{'facebook': 'https://www.facebook.com/scrapshala/', 'instagram': 'https://www.instagram.com/scrapshala/', 'linkedin': 'https://www.linkedin.com/company/scrapshala', 'youtube': 'https://www.youtube.com/c/Scrapshala'}",home,"Shop sustainable corporate gifts, eco-friendly home decor & festival, handcrafted goods and upcycled creations at Scrapshala. Discover unique souvenirs, lifestyle products and custom gifting solutions made from upcycled materials, supporting artisans and promoting circular, zero-waste living.",https://scrapshala.com/cdn/shop/files/scrapshala-green-logo.webp?v=1745327698\u0026width=500,,True,True,True,True,True,True,False,True
https://venaki.in,['care@venaki.in'],['+919437779223'],"{'facebook': 'https://www.facebook.com/profile.php?id=61592371932191', 'instagram': 'https://www.instagram.com/nkk__9223/'}",apparel,"venaki, venaki.in, VeNaKi.in, VeNaKi, VENAKI",https://www.venaki.in/cdn/shop/files/Gemini_Gen-VeNaKi.in_Logo.png?v=1786816690&width=600,,True,True,True,True,True,True,False,False
https://eggoz.com,['contact@eggoz.in'],,"{'twitter': 'https://twitter.com/eggoznutrition?s=21', 'facebook': 'https://www.facebook.com/EggozNutrition?mibextid=LQQJ4d', 'instagram': 'https://instagram.com/eggoznutrition?igshid=MTIzZWMxMTBkOA==', 'youtube': 'https://www.youtube.com/@eggoznutrition5730/'}",health,"Welcome to the World of Eggoz Nutrition, where you will get bright Orange Yolk Eggs which is an indicator of better nutrition.",https://www.eggoz.com/cdn/shop/files/logo_1.png?v=1770634259&width=600,telangana,True,False,True,True,True,True,True,True
https://rivaajethnic.com,['support@rivaajethnic.com'],['+918446726463'],"{'facebook': 'https://www.facebook.com/people/rivaaj_ethnic/100089556874488/', 'instagram': 'https://www.instagram.com/rivaaj_ethnic/?igsh=MWo2dmhsbDQ5b2x3aQ%3D%3D'}",clothing,"Rivaaj Ethnic is your destination for premium and stylish modern ethnic Indian women wear that offers long kurtas, short tops, Kurtis, black white red kurtis for women!! Shop now at affordable best price.",https://www.rivaajethnic.com/cdn/shop/files/web_logo_1.png?v=1782371654\u0026width=200,maharashtra,True,True,True,True,True,True,True,True
https://pandscompany.com,"['pandskolkata@gmail.com', 'pandscokolkata@gmail.com']","['+919830379976', '+919831031703']","{'instagram': 'https://www.instagram.com/pandscokolkata/', 'facebook': 'https://www.facebook.com/pandscoclothing'}",clothing,"Handcrafted ethnic wear for kids, from infants to teens — lehengas, sherwanis, kurta sets & family outfits. Ships worldwide via DHL. New: Masoom pret line.",https://pandscompany.com/cdn/shop/t/34/assets/ps-logo-stacked-white.png?v=114334154390164299781789647042,west bengal,True,True,True,True,True,True,True,True
https://pureandsure.in,"['info@pureandsure.in', 'care@pureandsure.in']",['1800-121-0369'],"{'facebook': 'https://www.facebook.com/pureandsure.in', 'instagram': 'https://www.instagram.com/pureandsure.in/', 'linkedin': 'https://in.linkedin.com/company/pureandsure'}",health,"Buy 100% Certified Organic Indian products online. Pure & Sure offers healthy, eco-friendly food from trusted organic farms across India.",https://pureandsure.in/cdn/shop/files/P_S_logo-01-01.png?v=1721213879,,True,True,True,True,True,True,False,True
https://www.thewellnesscollective.in,['hello@thewellnesscollective.in'],"['+917975864338', '+916362853120']","{'facebook': 'https://www.facebook.com/thewellnesscollective.in', 'instagram': 'https://www.instagram.com/thewellnesscollective.in'}",health,"Shop clean supplements, functional wellness products, and daily self-care essentials at The Wellness Collective. Trusted health & wellness brands curated for your everyday routine and modern Indian lifestyles.",https://www.thewellnesscollective.in/cdn/shop/files/TWC_horizontal-wordmark.svg?height=100&v=1764177981,,True,True,True,True,True,True,False,True
https://juniperfashion.com,"['crm@juniperfashion.com', 'care@juniperfashion.com']",['+919828045242'],"{'facebook': 'https://www.facebook.com/juniperjaipur', 'x': 'https://x.com/juniperjaipur', 'instagram': 'https://www.instagram.com/juniperjaipur/', 'youtube': 'https://www.youtube.com/c/JuniperFashion'}",clothing,"Visit Juniper Fashion for premium ethnic women’s clothing with elegant designs, comfort fits, and trending styles. Discover modern ethnic wear crafted in Jaipur.",https://juniperfashion.com/cdn/shop/files/logo_desk.png?v=1762431130&width=320,,True,True,True,True,True,True,False,True
https://www.consciousfood.com,,['+919967166755'],,health,"Conscious Food has been the purveyor of certified organic &amp; natural food since 1990. Choose from a curated range of organic food products. Shop your organic groceries online. Buy cold pressed oils and chakki ground atta online. Rich in fibre, no preservatives, improves gut health. Buy best quality products online.",https://www.consciousfood.com/cdn/shop/files/horizontal_logo.png?v=1714803058&width=600,maharashtra,False,True,False,True,True,True,True,True
https://www.silvertraq.com,"['info@silvertraq.com', 'care@silvertraq.com']",['+919892088888'],{'instagram': 'https://www.instagram.com/silvertraq/'},home,"Silvertraq's biggest sale is live up to 60% off sports bras, leggings, co-ords & more. Sizes XS to 3XL. Limited time only. Shop now at silvertraq.com.",https://www.silvertraq.com/cdn/shop/files/aenp9-uxmz4_280x.png?v=1724749017,maharashtra,True,True,True,True,True,True,True,True
https://naturessoulshop.com,['contact@naturessoulshop.com'],['+919910204633'],"{'facebook': 'https://www.facebook.com/naturessoulshop/', 'instagram': 'https://www.instagram.com/naturessoulshop/?hl=en'}",health,"Best Organic Food Store in Delhi, Noida, Gurgaon. Naturally Grown Fruits and Veggies, Delivered at Your doorstep in Delhi NCR",https://naturessoulshop.com/cdn/shop/files/Final-Logo_2.png?height=66&v=1772021265,maharashtra,True,True,True,True,True,True,True,True
